date,tavg,tmin,tmax,prcp,snow,wdir,wspd,wpgt,pres,tsun
2020-02-01,12.9,10.4,17.5,0,,,,,,
2020-02-02,11.3,10.6,12.7,0,,,,,,
2020-02-03,11.5,8.1,17.4,0,,,,,,
2020-02-04,11.2,6.5,16.8,0,,,,,,
2020-02-05,8.9,4.7,13,0,,,,,,
2020-02-06,7.2,4.5,10.2,0,,,,,,
2020-02-07,8,5.2,11.6,0,,,,,,
2020-02-08,7.9,6.2,11,0,,,,,,
2020-02-09,8.7,7.5,11.4,0,,,,,,
2020-02-10,10.2,7.2,15.5,0,,,,,,
2020-02-11,9.4,7.5,13,0,,,,,,
2020-02-12,10.2,9.7,11.3,0,,,,,,
2020-02-13,10.7,7.8,14.3,0,,,,,,
2020-02-14,9,6.9,13.5,0,,,,,,
2020-02-15,9.6,4.9,15.4,0,,,,,,
2020-02-16,10.6,5.4,17,0,,,,,,
2020-02-17,9.8,6.8,14,0,,,,,,
2020-02-18,9,5.7,13.4,0,,,,,,
2020-02-19,8.7,3.9,14.2,0,,,,,,
2020-02-20,9.4,3.6,15.6,0,,,,,,
2020-02-21,11.8,3.9,18.3,0,,,,,,
2020-02-22,12.1,5.2,20,0,,,,,,
2020-02-23,13.2,7.6,20.2,0,,,,,,
2020-02-24,12.5,6.6,20.1,0,,,,,,
2020-02-25,11.1,5.6,19,0,,,,,,
2020-02-26,10.3,6.5,15.5,0,,,,,,
2020-02-27,11.8,6.4,18.5,0,,,,,,
2020-02-28,12.1,7.4,18.2,0,,,,,,
2020-02-29,10.2,7.4,13.2,0,,,,,,
2020-03-01,10.3,8.3,15.2,2.2,,,,,,
2020-03-02,9.5,6.3,12.7,0,,,,,,
2020-03-03,9.3,5.2,14.4,0,,,,,,
2020-03-04,13.5,10.6,19.2,0,,,,,,
2020-03-05,11.7,8.1,15.9,0.5,,,,,,
2020-03-06,8.6,6.2,13,0,,,,,,
2020-03-07,8.9,3.5,15.8,0,,,,,,
2020-03-08,9.4,3.5,15.2,0,,,,,,
2020-03-09,11.7,7.7,16.5,0,,,,,,
2020-03-10,8.1,7.4,22.3,0,,,,,,
2020-03-11,,9.8,24,0,,,,,,
2020-03-12,,12.5,24,0,,,,,,
2020-03-13,,11.9,22.7,0,,,,,,
2020-03-14,,10.6,21.8,0,,,,,,
2020-03-15,,9.5,20.5,7.7,,,,,,
2020-03-16,6,3.9,10.2,3,,,,,,
2020-03-17,9.8,5,16,0.2,,,,,,
2020-03-18,12.5,10.3,16.3,0,,,,,,
2020-03-19,12.4,10.2,16.8,0,,,,,,
2020-03-20,10.9,9.2,12.5,0,,,,,,
2020-03-21,8.4,7.2,9.3,2.2,,,,,,
2020-03-22,8.9,6.7,13,9.5,,,,,,
2020-03-23,9.6,7.2,14.4,4,,,,,,
2020-03-24,11.3,8.5,15.6,0,,,,,,
2020-03-25,11.2,6.4,17,0,,,,,,
2020-03-26,9.9,4,15.9,0,,,,,,
2020-03-27,5.9,2,10.3,0,,,,,,
2020-03-28,8.8,2.6,15.7,0,,,,,,
2020-03-29,11.8,5,19.3,0,,,,,,
2020-03-30,5.1,0.5,10.8,9.8,,,,,,
2020-03-31,4.5,0.1,9.6,18.2,,,,,,
2020-04-01,9.2,5.7,13.5,0.9,,,,,,
2020-04-02,9.6,3.4,15.2,0,,,,,,
2020-04-03,10.8,5,17.7,0,,,,,,
2020-04-04,12.2,5.8,18.5,0,,,,,,
2020-04-05,14,8.9,19.4,0.8,,,,,,
2020-04-06,14.5,11.6,17.9,7.2,,,,,,
2020-04-07,13.6,10.6,17.3,6.7,,,,,,
2020-04-08,15,10.6,21.6,0,,,,,,
2020-04-09,13.4,11,15.2,14.2,,,,,,
2020-04-10,11.6,10,13.8,2.7,,,,,,
2020-04-11,14.3,11.2,18.3,0.2,,,,,,
2020-04-12,14.7,10,20,2.4,,,,,,
2020-04-13,12.3,7.6,18.2,1.1,,,,,,
2020-04-14,13.1,11,16.8,3,,,,,,
2020-04-15,12.2,8.4,15.3,18.1,,,,,,
2020-04-16,12.9,9.8,18.7,3.5,,,,,,
2020-04-17,13.9,10.5,17.8,0,,,,,,
2020-04-18,14.9,10.4,20.5,3.3,,,,,,
2020-04-19,12.8,9.2,18.1,5.2,,,,,,
2020-04-20,12.3,7.6,18.6,0.4,,,,,,
2020-04-21,11.2,7.8,14.9,0.1,,,,,,
2020-04-22,14.1,9.1,19.6,0,,,,,,
2020-04-23,15.3,12.4,20,0,,,,,,
2020-04-24,16.4,11.2,22.1,0,,,,,,
2020-04-25,16.4,11.6,23,0,,,,,,
2020-04-26,15,12.2,20.8,0,,,,,,
2020-04-27,13,10.1,17.3,0,,,,,,
2020-04-28,12.1,7.7,17.6,0,,,,,,
2020-04-29,13.1,7.1,19.7,0,,,,,,
2020-04-30,14.2,10.4,19.6,0,,,,,,
2020-05-01,15.7,10.9,21.9,0,,,,,,
2020-05-02,18.4,12,25.9,0,,,,,,
2020-05-03,20.6,12.4,28.8,0,,,,,,
2020-05-04,21.5,16.6,30,0,,,,,,
2020-05-05,18,12.9,23.7,0,,,,,,
2020-05-06,17.7,10.1,25.6,0,,,,,,
2020-05-07,20.5,14.8,26.1,0,,,,,,
2020-05-08,20.9,15.7,27.5,0,,,,,,
2020-05-09,18,13,23.2,0.1,,,,,,
2020-05-10,14.3,9.3,19.5,0,,,,,,
2020-05-11,14.5,10,19.6,1.2,,,,,,
2020-05-12,12.2,9.3,15.2,19.3,,,,,,
2020-05-13,13.6,9.3,18.8,9,,,,,,
2020-05-14,12.1,9.1,14.7,11.4,,,,,,
2020-05-15,12.7,9.7,19,13.2,,,,,,
2020-05-16,14.4,10.8,20.3,0.8,,,,,,
2020-05-17,16.2,9.5,22.4,0,,,,,,
2020-05-18,19.4,10.6,27.2,0,,,,,,
2020-05-19,21.2,13.1,29.3,0,,,,,,
2020-05-20,22.9,14.6,30.9,0,,,,,,
2020-05-21,23.3,15,31.6,0,,,,,,
2020-05-22,24,16.4,32,0,,,,,,
2020-05-23,25,17.5,32.5,0,,,,,,
2020-05-24,23.4,17.7,30.2,0,,,,,,
2020-05-25,22,17.2,30.9,1.8,,,,,,
2020-05-26,20.7,16.7,25.4,0,,,,,,
2020-05-27,23.1,17,30,0,,,,,,
2020-05-28,22.6,17.3,29.4,0,,,,,,
2020-05-29,23.2,15.7,30.6,0,,,,,,
2020-05-30,24.2,17.9,31.6,0,,,,,,
2020-05-31,21.1,15.4,30.7,37.8,,,,,,
2020-06-01,21.4,14.9,27.3,0,,,,,,
2020-06-02,22.6,17.5,28.5,0,,,,,,
2020-06-03,21.6,16,28,4.5,,,,,,
2020-06-04,17.8,14.9,22.9,0,,,,,,
2020-06-05,19.9,12.7,27.6,0,,,,,,
2020-06-06,21.1,15.6,27.1,0,,,,,,
2020-06-07,18.4,13,24.7,2,,,,,,
2020-06-08,16.2,11,23.2,0,,,,,,
2020-06-09,16.9,10.8,23.8,0,,,,,,
2020-06-10,18.8,11.6,25.5,0,,,,,,
2020-06-11,18.9,14.2,24,0,,,,,,
2020-06-12,15.1,10,20.9,1.8,,,,,,
2020-06-13,16.4,10.3,23.4,0,,,,,,
2020-06-14,19.3,12.9,25.5,0,,,,,,
2020-06-15,20.8,14.1,27,0,,,,,,
2020-06-16,19.9,15.8,25.6,0,,,,,,
2020-06-17,20.1,13.7,27.1,0,,,,,,
2020-06-18,22.2,15.8,28.9,0,,,,,,
2020-06-19,23.1,16.5,30.3,0,,,,,,
2020-06-20,24.7,16.5,32.3,0,,,,,,
2020-06-21,26.2,18.8,33.9,0,,,,,,
2020-06-22,26.8,19.1,34.4,0,,,,,,
2020-06-23,28.5,21.6,36.2,0,,,,,,
2020-06-24,26.8,22.7,31.3,0.1,,,,,,
2020-06-25,27.2,21.7,34.6,0,,,,,,
2020-06-26,25.2,20.8,31.2,0,,,,,,
2020-06-27,25.2,18.5,32.1,0,,,,,,
2020-06-28,27.1,20,34.4,0,,,,,,
2020-06-29,28.4,21.2,36.5,0,,,,,,
2020-06-30,29.4,22.1,37,0,,,,,,
2020-07-01,28.2,20.7,35.4,0,,,,,,
2020-07-02,26.7,20.8,33,0,,,,,,
2020-07-03,24.2,16.6,31.2,0,,,,,,
2020-07-04,26.5,18.4,33.5,0,,,,,,
2020-07-05,28,20.3,35.5,0,,,,,,
2020-07-06,29.6,22.5,36.8,0,,,,,,
2020-07-07,29.8,22.4,37.8,0,,,,,,
2020-07-08,29,24,35.1,0,,,,,,
2020-07-09,25.9,21,34.2,0,,,,,,
2020-07-10,26.1,18.9,33.1,0,,,,,,
2020-07-11,28.8,21.6,36.1,0.6,,,,,,
2020-07-12,26.2,21.4,32.8,0,,,,,,
2020-07-13,26.9,19.8,34.3,0,,,,,,
2020-07-14,25.8,19.7,33.5,0,,,,,,
2020-07-15,25,18.1,32.5,0,,,,,,
2020-07-16,26.3,18.4,34.1,0,,,,,,
2020-07-17,27.4,20.5,34.6,0,,,,,,
2020-07-18,27,19,34.7,0,,,,,,
2020-07-19,29,21.8,36.7,0,,,,,,
2020-07-20,28.5,21,36.6,0,,,,,,
2020-07-21,28.7,24,35,5.4,,,,,,
2020-07-22,25.3,16.6,31.7,0,,,,,,
2020-07-23,27.7,21.6,36.1,0,,,,,,
2020-07-24,28.9,22,35.7,0,,,,,,
2020-07-25,28.2,22.2,36.5,0,,,,,,
2020-07-26,29.7,23,38,0,,,,,,
2020-07-27,30.1,25,39.4,0,,,,,,
2020-07-28,29.4,23.4,35.6,0,,,,,,
2020-07-29,30.2,23.2,37.2,0,,,,,,
2020-07-30,30.5,23.5,39.2,0,,,,,,
2020-07-31,29.7,24,37.8,0,,,,,,
2020-08-01,29.5,21.5,37.5,0,,,,,,
2020-08-02,27.6,21.5,35.6,0,,,,,,
2020-08-03,24.9,17,31,0,,,,,,
2020-08-04,24.9,19.1,33.1,0,,,,,,
2020-08-05,27.3,20.5,35,0,,,,,,
2020-08-06,29.6,23.9,37.7,0,,,,,,
2020-08-07,30.4,25.2,38.2,0,,,,,,
2020-08-08,29.1,25.4,34.2,0,,,,,,
2020-08-09,30.5,24.8,37.6,0.8,,,,,,
2020-08-10,26.7,21.2,31,1.1,,,,,,
2020-08-11,19.7,15,24.4,26.6,,,,,,
2020-08-12,20.4,14.6,27.2,0,,,,,,
2020-08-13,22.9,16.9,29.4,0,,,,,,
2020-08-14,24.9,19.4,31.9,0,,,,,,
2020-08-15,22.9,17.3,29.5,0,,,,,,
2020-08-16,21.7,15.5,28.2,0,,,,,,
2020-08-17,22.1,15.7,27.5,0,,,,,,
2020-08-18,23.9,19,30,0,,,,,,
2020-08-19,25.1,18.5,32.3,0,,,,,,
2020-08-20,25.1,17.2,33.6,0,,,,,,
2020-08-21,25.6,20.4,31.6,0,,,,,,
2020-08-22,25.6,19.9,32.4,0,,,,,,
2020-08-23,25.7,19.8,33,0,,,,,,
2020-08-24,25.7,20.1,32.5,0,,,,,,
2020-08-25,26.3,21.3,35.6,0,,,,,,
2020-08-26,30,21,36,0,,,,,,
2020-08-27,28.1,21.6,36.4,0,,,,,,
2020-08-28,25.8,20,32,0,,,,,,
2020-08-29,18.5,14.5,23,0,,,,,,
2020-08-30,17,11.6,23.1,0,,,,,,
2020-08-31,17.8,12.1,25,0,,,,,,
2020-09-01,20,15.3,26.4,0,,,,,,
2020-09-02,21.6,15.2,29,0,,,,,,
2020-09-03,23.2,17.2,30.8,0,,,,,,
2020-09-04,24.2,18.8,31.6,0,,,,,,
2020-09-05,24.5,18,32.3,0,,,,,,
2020-09-06,25.3,19.9,32.4,0,,,,,,
2020-09-07,20.1,14,26.3,0,,,,,,
2020-09-08,18.8,13.1,26.3,0,,,,,,
2020-09-09,21.1,15.7,28.2,0,,,,,,
2020-09-10,23.2,17.9,29.9,0,,,,,,
2020-09-11,24,18.5,30.8,0,,,,,,
2020-09-12,24.8,19.1,31.6,0,,,,,,
2020-09-13,25.2,19.6,32.1,0,,,,,,
2020-09-14,24.1,19.6,28.8,1.3,,,,,,
2020-09-15,22.5,18,27.5,0,,,,,,
2020-09-16,20,18.8,30,3.4,,,,,,
2020-09-17,,17.4,25.5,13,,,,,,
2020-09-18,,15,20.6,22.2,,,,,,
2020-09-19,,14.9,19.6,0.6,,,,,,
2020-09-20,,16.1,21.7,0,,,,,,
2020-09-21,,13.7,23.9,0,,,,,,
2020-09-22,24.1,13.1,24.4,0,,,,,,
2020-09-23,,16.3,23.2,6.6,,,,,,
2020-09-24,17.9,14.5,21.7,6.9,,,,,,
2020-09-25,14.7,12.4,18.8,0,,,,,,
2020-09-26,14.4,9.3,20,0,,,,,,
2020-09-27,16.4,11.5,21.7,0,,,,,,
2020-09-28,15,9.1,21.9,0,,,,,,
2020-09-29,17.8,13.2,24.9,0,,,,,,
2020-09-30,18,11.6,25.5,0,,,,,,
2020-10-01,17.3,12.8,22.6,0,,,,,,
2020-10-02,12.6,9.4,15.9,7.5,,,,,,
2020-10-03,11.8,8.3,17.7,0,,,,,,
2020-10-04,12.4,8,17.4,0,,,,,,
2020-10-05,13.8,10.2,18.3,0,,,,,,
2020-10-06,16.6,9.9,24.3,0,,,,,,
2020-10-07,17.9,11.6,24.2,0,,,,,,
2020-10-08,18.3,14.5,23.8,0,,,,,,
2020-10-09,18.8,12.9,25.4,0,,,,,,
2020-10-10,17.9,12.4,23.1,0,,,,,,
2020-10-11,13.1,9.5,18.6,0,,,,,,
2020-10-12,13,9.4,18.2,0,,,,,,
2020-10-13,15,8.3,21.8,0,,,,,,
2020-10-14,12.8,9.4,16.5,0,,,,,,
2020-10-15,11.1,6.6,16.4,0,,,,,,
2020-10-16,9.4,4.6,14.7,0,,,,,,
2020-10-17,11.7,5.5,16.8,0,,,,,,
2020-10-18,13.1,7.6,19.6,0,,,,,,
2020-10-19,15.8,9.9,22,4.4,,,,,,
2020-10-20,14.4,11.9,17.7,24.2,,,,,,
2020-10-21,14.4,12.6,16.8,3.5,,,,,,
2020-10-22,13.5,11.3,16.1,9.6,,,,,,
2020-10-23,11.1,9.2,14.9,2.5,,,,,,
2020-10-24,11.6,7.6,14.8,0,,,,,,
2020-10-25,10.8,7.4,14.5,7.5,,,,,,
2020-10-26,8.6,6,13,0,,,,,,
2020-10-27,10.2,5.6,15.2,0,,,,,,
2020-10-28,10.3,8.1,12.9,0,,,,,,
2020-10-29,,9.2,14.5,0,,,,,,
2020-10-30,14.2,7.8,18.1,0,,,,,,
2020-10-31,13.6,8.6,20.2,0,,,,,,
2020-11-01,13.8,9.3,19.4,0,,,,,,
2020-11-02,14.4,10.5,18.7,0,,,,,,
2020-11-03,12.9,10.1,14.9,1,,,,,,
2020-11-04,9.1,7.7,11.5,3.8,,,,,,
2020-11-05,10.3,8.1,12.5,6.4,,,,,,
2020-11-06,14.4,10.8,18.1,20,,,,,,
2020-11-07,11.9,9.4,14.8,0.6,,,,,,
2020-11-08,11.3,8.4,15,7.2,,,,,,
2020-11-09,11.4,9.7,14.5,0,,,,,,
2020-11-10,10.7,7.2,15.3,0,,,,,,
2020-11-11,10.2,7.4,14,0,,,,,,
2020-11-12,10.9,8.9,14.8,0,,,,,,
2020-11-13,11.4,9.3,15.2,0,,,,,,
2020-11-14,11.5,10.7,12.3,2.5,,,,,,
2020-11-15,13.1,11.5,15.6,0,,,,,,
2020-11-16,13.4,11.2,17.4,0.1,,,,,,
2020-11-17,10.7,8.4,13.5,0,,,,,,
2020-11-18,10.5,9.3,13.9,0,,,,,,
2020-11-19,13.1,8,19.4,0,,,,,,
2020-11-20,11,7.5,15.7,0,,,,,,
2020-11-21,9.3,6.4,13.5,0,,,,,,
2020-11-22,8.3,4.2,12.7,0,,,,,,
2020-11-23,8.4,4.5,13.9,0,,,,,,
2020-11-24,7.4,4.1,11.8,0,,,,,,
2020-11-25,8.5,5.4,11.5,3,,,,,,
2020-11-26,9.9,8.5,12.5,4.6,,,,,,
2020-11-27,9.2,7.4,11.2,11.4,,,,,,
2020-11-28,8.6,7.1,10.8,0,,,,,,
2020-11-29,7.9,6.4,11.3,0,,,,,,
2020-11-30,9.1,6.4,12.9,0,,,,,,
2020-12-01,9.1,4.9,14.6,0,,,,,,
2020-12-02,8.1,3.5,10.8,0,,,,,,
2020-12-03,4.4,0.1,8.5,1.9,,,,,,
2020-12-04,5.1,2.6,7.3,0.1,,,,,,
2020-12-05,3.8,0.9,7.6,0,,,,,,
2020-12-06,4.6,2,7.7,0,,,,,,
2020-12-07,8.1,5.2,11,4.5,,,,,,
2020-12-08,6.1,4.4,9.1,0.1,,,,,,
2020-12-09,5.3,3,9.3,0.5,,,,,,
2020-12-10,10.2,5.4,14.5,4,,,,,,
2020-12-11,13.1,11.9,15,0.1,,,,,,
2020-12-12,10.9,8.6,13.7,0,,,,,,
2020-12-13,8.3,4.9,11.1,0,,,,,,
2020-12-14,10.3,9.2,13.2,2,,,,,,
2020-12-15,8.3,5.6,10.3,0,,,,,,
2020-12-16,7.7,5.4,10.6,0.1,,,,,,
2020-12-17,9.9,8.1,12.7,0.1,,,,,,
2020-12-18,7.8,5.6,9.8,0.8,,,,,,
2020-12-19,7.7,7.3,8.5,1.8,,,,,,
2020-12-20,7.7,5.7,11.2,0.2,,,,,,
2020-12-21,7.8,6.3,10.6,0,,,,,,
2020-12-22,8,7,10.1,0,,,,,,
2020-12-23,7.4,5.6,9,0.1,,,,,,
2020-12-24,8.6,5.4,10.2,0,,,,,,
2020-12-25,5.1,2.2,8.4,0,,,,,,
2020-12-26,3.2,-0.9,8.6,0,,,,,,
2020-12-27,2.4,-1.3,6.9,2.2,,,,,,
2020-12-28,6,2.9,8.5,0.1,,,,,,
2020-12-29,3.6,0.8,8.2,0,,,,,,
2020-12-30,3.8,1.2,8.4,0,,,,,,
2020-12-31,3,-1.2,6.9,1,,,,,,
2021-01-01,3.5,1.6,6.5,0,,,,,,
2021-01-02,1.8,-0.9,5.4,0,,294,12.7,,1015.5,
2021-01-03,2.2,-1.8,7.8,0,,267,11.4,,1017,
2021-01-04,2.6,0,5.4,0,,268,11.2,,1013.6,
2021-01-05,0.9,-1.7,4.7,0,,320,5.2,,1013.8,
2021-01-06,1.4,-2.2,5,0,,35,7.3,,1014.7,
2021-01-07,0.6,-0.6,1.4,2.3,,34,11.2,,1014.2,
2021-01-08,-0.7,-1,0.3,32.9,,36,18.6,,1012.2,
2021-01-09,-0.7,-1.6,0.5,17.7,,51,18.3,,1006.6,
2021-01-10,1.1,-0.8,3.2,0,,33,11.4,,1013.8,
2021-01-11,-0.6,-4.4,3.2,0,,16,8.9,,1023.5,
2021-01-12,-3.2,-7.4,0.7,0,,237,3.5,,1031.3,
2021-01-13,-1.9,-7.2,3.7,0,,13,5.2,,1032,
2021-01-14,-0.7,-5.3,5.1,0,,10,6.4,,1029.4,
2021-01-15,0.5,-4.5,5.4,0,,324,6.1,,1029.5,
2021-01-16,0.9,-3.4,7.8,0,,246,4,,1030.2,
2021-01-17,1.1,-3.7,6.8,0,,19,6,,1031,
2021-01-18,2.9,-1.7,8.7,0,,18,6.5,,1029.3,
2021-01-19,2.7,-0.6,7.4,0,,44,6.9,,1025.8,
2021-01-20,3.3,0.9,6.5,3.1,,182,13.1,,1013.6,
2021-01-21,7.7,5.4,10,7.9,,228,19.9,,1014,
2021-01-22,7.8,4.9,10.2,0,,244,23.9,,1011,
2021-01-23,6.4,3.6,10.6,1.7,,237,22.2,,1014.7,
2021-01-24,9.3,7.5,12.2,0,,251,16.6,,1014,
2021-01-25,10.4,7.5,13,0,,242,19.8,,1014,
2021-01-26,11.7,9.7,14.9,0,,257,9.6,,1022.7,
2021-01-27,13,9.7,17.8,0,,275,9.6,,1025.2,
2021-01-28,10.5,9.3,11.6,0,,247,6.2,,1025,
2021-01-29,9.5,8.4,11.1,1.3,,218,7.5,,1022,
2021-01-30,10.1,8.2,12.6,3.1,,250,21.5,,1014.1,
2021-01-31,10.3,8.1,12.8,0,,238,21.6,,1014.2,
2021-02-01,11.1,7.9,16.1,0,,246,19.5,,1016,
2021-02-02,10,8.3,12.4,0,,231,12.7,,1018.7,
2021-02-03,10,8.4,11.8,0.1,,186,9.5,,1015.6,
2021-02-04,10.7,9.1,12.8,0.2,,168,8,,1011.1,
2021-02-05,11.8,8.8,16,12.3,,73,10,,1004.5,
2021-02-06,8.9,7.6,11.3,1.3,,196,7.7,,1003.4,
2021-02-07,7.3,5.2,10.8,10,,256,11.7,,1008.5,
2021-02-08,7.3,5.4,10.6,2.2,,239,20.3,,1005.1,
2021-02-09,7.1,5.4,9.1,18.2,,224,23.8,,1006.1,
2021-02-10,7.4,5.9,13.6,0.1,,251,19.5,,1010.8,
2021-02-11,9.6,7.5,12.3,2.2,,239,10.3,,1020.1,
2021-02-12,10.7,7.9,13.9,0.1,,265,15.4,,1020.4,
2021-02-13,12,5.4,15.7,0,,277,6.7,,1026.1,
2021-02-14,9.8,5,14.6,0,,67,5.7,,1029.6,
2021-02-15,10.3,7.1,14.8,0,,72,7,,1032.2,
2021-02-16,9.5,5.3,14.4,0,,252,8,,1028,
2021-02-17,10.5,5.4,15.8,0,,210,5.4,,1023,
2021-02-18,10.2,5.4,15.6,0,,217,8.9,,1018.6,
2021-02-19,7.5,5.4,17.5,0,,181,8.2,,1018.6,
2021-02-20,14.9,7.2,17.4,0,,177,11.3,,1013.6,
2021-02-21,9.2,5.3,11.9,3.2,,165,12.2,,1007.3,
2021-02-22,7.7,5.3,10.9,0.1,,304,12.7,,1017.9,
2021-02-23,8.4,4.7,13,0,,91,8,,1031.5,
2021-02-24,9.7,5.4,14.6,0,,102,10.5,,1031.7,
2021-02-25,10,7,12.9,0,,47,10.2,,1028.7,
2021-02-26,11.4,7.4,15.8,0,,43,8.9,,1028.2,
2021-02-27,12.4,7.5,18.2,0,,46,9.7,,1025.1,
2021-02-28,9.9,5.4,14.2,0,,94,12.3,,1021.5,
2021-03-01,8.5,7.4,9.7,0,,72,9.4,,1022.5,
2021-03-02,10.7,7.9,13,0,,65,6.2,,1026.4,
2021-03-03,11.2,9,13.5,0,,59,4.6,,1028.3,
2021-03-04,9.4,6.6,12.7,0,,88,6.1,,1021.9,
2021-03-05,10.3,7,14,0,,59,8.4,,1017.2,
2021-03-06,11.3,9.1,14.8,0,,73,8.6,,1019.9,
2021-03-07,9.9,8.3,14.2,0,,73,5.4,,1018.3,
2021-03-08,8.3,5.9,13,3.4,,54,6.9,,1015.9,
2021-03-09,8.5,5.3,12.9,0,,21,11.7,,1019.4,
2021-03-10,7.6,2.8,15.3,0,,314,7,,1023.8,
2021-03-11,11.4,5.4,17.8,0,,247,11.1,,1024.3,
2021-03-12,10.8,7.3,15.3,0,,291,11.1,,1022.7,
2021-03-13,9.3,4.3,15.4,0,,320,7.8,,1023.2,
2021-03-14,10.2,4.4,15.4,0,,1,7,,1026.3,
2021-03-15,11.2,4.7,18.1,0,,36,11,,1026.4,
2021-03-16,11.6,5.3,18.1,0,,50,18.2,,1026.5,
2021-03-17,12.4,8,18.8,0,,46,20.7,,1025.1,
2021-03-18,8.4,5.4,11.8,0,,27,18.3,,1020.9,
2021-03-19,7.3,3.5,11.9,0,,344,13.3,,1016.1,
2021-03-20,6.7,2.6,11.7,0,,34,19.8,,1019.1,
2021-03-21,7.7,0.6,15.5,0,,11,12.5,,1022.4,
2021-03-22,9.6,2.5,16.4,0,,15,8.2,,1020.7,
2021-03-23,11.6,4.5,18.3,0,,24,5.9,,1022.1,
2021-03-24,12.8,5.4,19.9,0,,303,7.5,,1023.6,
2021-03-25,13.4,7.1,19.8,0,,284,7.4,,1022.6,
2021-03-26,13.3,8.1,18.5,0,,246,11.5,,1021.2,
2021-03-27,12.4,7.7,17.5,0,,68,11.7,,1024.7,
2021-03-28,14.3,8.3,20.9,0,,,,,,
2021-03-29,15.3,9.8,22.5,0,,88,13.5,,1026,
2021-03-30,15.8,11.8,20.5,0,,87,13.7,,1024.8,
2021-03-31,16.3,10.3,23.4,0,,87,12,,1020.6,
2021-04-01,16.6,12.6,22.3,4.3,,69,10.3,,1015.4,
2021-04-02,12.9,10.7,16.6,3,,236,8.4,,1015.3,
2021-04-03,13,8.4,19.9,1.9,,20,5.8,,1013.8,
2021-04-04,13.5,7.9,19.2,0.1,,52,11,,1015.3,
2021-04-05,14.7,8.5,21,0,,20,7.3,,1017,
2021-04-06,15.4,8.1,23,0,,350,8.3,,1013.5,
2021-04-07,12.5,5.3,19.6,0,,56,13.2,,1017.1,
2021-04-08,12.4,9.1,17,0.4,,86,8.5,,1021.1,
2021-04-09,10.4,7.9,12.7,5.2,,110,7.1,,1017.6,
2021-04-10,12.2,9.4,17.4,29.6,,142,8.3,,1013.1,
2021-04-11,11.5,7.6,15.6,1.9,,254,11.2,,1014.1,
2021-04-12,10.1,4.3,15.8,0.1,,57,11.4,,1024,
2021-04-13,11.7,9.7,14,1.5,,35,8.4,,1022.4,
2021-04-14,14.2,10.3,18.2,3.4,,53,8.7,,1017,
2021-04-15,12.8,10.6,16.3,0,,84,8,,1015.5,
2021-04-16,11.9,6.7,16.9,0,,42,10,,1016.9,
2021-04-17,9.9,3.5,16.6,0,,27,13.2,,1020.1,
2021-04-18,11.1,3.9,18.2,0,,19,7.9,,1021.4,
2021-04-19,13.8,8.6,20.3,0,,279,9.1,,1017.4,
2021-04-20,14.1,10.6,18.4,0,,264,5.6,,1013.5,
2021-04-21,13.3,9.4,18.3,6.4,,303,7.7,,1011.2,
2021-04-22,12.3,9.5,15.8,1.6,,129,5,,1012.9,
2021-04-23,13.2,9.6,16.6,0,,117,11,,1017.4,
2021-04-24,12.5,9.4,15.9,6.6,,100,13,,1016.4,
2021-04-25,10.7,9.6,12.1,12.6,,69,8.8,,1012,
2021-04-26,13.8,10.3,18.3,0.1,,291,5.2,,1007.1,
2021-04-27,13.5,9.9,19.6,18.8,,224,6.3,,1005.7,
2021-04-28,13.4,9.8,18.1,0.5,,234,9.4,,1005.9,
2021-04-29,13.1,9.7,17.2,0.6,,226,14.3,,1007.7,
2021-04-30,11.6,7.7,16.3,0,,236,7.7,,1009.6,
2021-05-01,12,7.6,16.3,0,,293,6.5,,1012.6,
2021-05-02,13,8.5,17.7,0,,58,8.8,,1016.9,
2021-05-03,13.1,10.6,17.6,0,,60,10,,1019.1,
2021-05-04,14.9,8.4,21.3,0,,65,5.2,,1018.1,
2021-05-05,17.7,10.7,24.2,0,,299,6.8,,1015.4,
2021-05-06,13.9,11.9,22.8,0,,292,9.7,,1015.4,
2021-05-07,19.4,10.7,26.8,0,,253,8.8,,1017.3,
2021-05-08,21,13.3,28.5,0.3,,189,11.2,,1013,
2021-05-09,15.7,10.3,19.1,3.7,,208,20.4,,1007.5,
2021-05-10,12,7.5,17.2,0.9,,238,16.8,,1010.9,
2021-05-11,12,6.7,16.8,0.5,,259,16.8,,1018,
2021-05-12,14.5,10.2,19,0,,242,18.7,,1018.3,
2021-05-13,14.6,9.6,19.6,0,,267,16.4,,1016.4,
2021-05-14,16.5,10.6,22.6,0,,287,13.2,,1016.2,
2021-05-15,19.4,12.1,25.7,0,,244,14,,1015.2,
2021-05-16,20.1,14.1,25.9,0,,248,14.8,,1014.4,
2021-05-17,19.6,13,25.6,0,,309,8,,1016.9,
2021-05-18,19.1,13.9,27.1,0,,304,10.7,,1017.5,
2021-05-19,19.3,13.1,24.6,0,,26,13.5,,1021.2,
2021-05-20,20.3,13,26.8,0,,41,9.9,,1021.1,
2021-05-21,22.1,15.6,28.3,0,,263,11.7,,1013.8,
2021-05-22,17.4,14,21.9,0,,312,11,,1013.9,
2021-05-23,14.3,11.4,19.3,1.7,,38,11.4,,1016.5,
2021-05-24,16.3,9.9,20.8,0,,283,10.6,,1019.7,
2021-05-25,18.7,11.2,25.1,0,,29,11.6,,1021.8,
2021-05-26,20.3,14.3,26.2,0,,72,10.3,,1018.4,
2021-05-27,21.3,15.4,26.2,2,,66,8.8,,1015.2,
2021-05-28,20.7,15.3,26.2,0,,100,6.9,,1016.3,
2021-05-29,23,16.1,29.9,0,,47,8.3,,1018,
2021-05-30,24.3,17.7,30.6,0,,22,10.7,,1015.4,
2021-05-31,23.5,18.2,30.9,6.3,,199,12.6,,1013.1,
2021-06-01,18.2,16,24.4,0,,225,11.5,,1010.9,
2021-06-02,23.1,12.5,25.6,0,,216,6.9,,1013.3,
2021-06-03,22.6,16.9,28.4,0,,191,10.6,,1015.5,
2021-06-04,22.3,16,28,0,,334,8.9,,1018.4,
2021-06-05,17.6,15.4,21.3,9.6,,90,11.7,,1021.5,
2021-06-06,20,13.1,28.2,5.9,,308,3.9,,1020.5,
2021-06-07,23.9,16.9,30.6,0,,357,9.7,,1019.3,
2021-06-08,25.6,18.6,32.5,0,,355,10.8,,1018.6,
2021-06-09,26.3,18,33.1,0,,309,10.4,,1017.8,
2021-06-10,26.6,20.1,32.6,0,,357,12.6,,1016.4,
2021-06-11,24.7,18.7,32.8,0.4,,52,12.6,,1014.8,
2021-06-12,23.9,16.7,30.6,0.1,,88,15.6,,1017.6,
2021-06-13,25.4,19.8,32.7,0,,79,10.3,,1019.9,
2021-06-14,26.3,20.6,32.6,0,,81,8.1,,1017.8,
2021-06-15,26.7,19.9,32.7,0.6,,69,11.4,,1015.5,
2021-06-16,24.1,16.4,30.3,40.4,,129,8.2,,1012.1,
2021-06-17,17.5,15.3,20.7,5.7,,215,10.6,,1010,
2021-06-18,19.1,15.4,25.9,0,,195,9.5,,1012.6,
2021-06-19,18.9,13.2,24.5,0,,239,8.9,,1014.4,
2021-06-20,16.9,14.5,19.2,0,,230,17.2,,1012.1,
2021-06-21,17.6,12.4,22,0,,237,15.9,,1012.1,
2021-06-22,17.2,14.2,21.5,0.2,,308,6.7,,1015.1,
2021-06-23,18.9,14.7,23.4,0,,28,11.6,,1018,
2021-06-24,20.8,13.6,27.8,0,,47,12.1,,1020.2,
2021-06-25,24.4,17,30.6,0,,23,11.2,,1018.1,
2021-06-26,25.6,19.5,31.9,0,,210,11.9,,1013.8,
2021-06-27,23.7,18.1,29.2,0,,235,19.9,,1012.1,
2021-06-28,21.3,14.9,27.3,0,,300,9,,1015,
2021-06-29,23.1,16.3,29.4,0,,320,8.2,,1015.9,
2021-06-30,24.7,17.5,32.2,0,,260,12.8,,1014.7,
2021-07-01,25.9,18.5,33,0,,228,11.2,,1015.1,
2021-07-02,26.4,18.3,33.6,0,,255,12.3,,1015.2,
2021-07-03,25.9,18.7,32.3,0,,245,13.9,,1014.8,
2021-07-04,25.6,18.6,31.7,0,,251,14.2,,1014.9,
2021-07-05,26.5,19.4,33.3,0,,250,14.9,,1013.5,
2021-07-06,19.9,15.8,23.9,1.3,,247,16.8,,1013.1,
2021-07-07,20.1,13.2,26.5,0,,302,9.8,,1016.3,
2021-07-08,22.1,15,28.4,0,,39,11.4,,1021.1,
2021-07-09,25.3,17.5,32.6,0,,68,9.6,,1019.3,
2021-07-10,28.5,20.7,35.7,0,,150,9.4,,1015.5,
2021-07-11,30.1,22.4,38,0,,306,15.1,,1012.1,
2021-07-12,23.3,18.5,28.2,0,,282,18.4,,1012.7,
2021-07-13,20.8,14.3,26.6,0,,46,8.5,,1019,
2021-07-14,21.8,14.9,28.2,0,,42,11.3,,1018.8,
2021-07-15,23.6,16.1,30.8,0,,50,12.4,,1017.7,
2021-07-16,27.2,18.8,35.3,0,,14,8.7,,1016.9,
2021-07-17,29.3,21,36.9,0,,10,11.1,,1015.6,
2021-07-18,29.3,22.3,36.2,0,,14,13,,1013.9,
2021-07-19,28.2,21.3,36,0,,350,10.6,,1012.1,
2021-07-20,28.5,22,35.7,0,,269,9.5,,1012.1,
2021-07-21,29.1,22.4,36.3,0,,219,7,,1015.2,
2021-07-22,29.9,23.5,36.8,0,,201,9.9,,1015.1,
2021-07-23,27.3,20.2,33.5,0,,224,14.8,,1011.7,
2021-07-24,24.9,18.3,31.7,0,,258,10.2,,1011,
2021-07-25,24.1,17.5,31,6.1,,297,9.6,,1010.5,
2021-07-26,23,17,29.6,0,,19,8.7,,1012.9,
2021-07-27,26.2,19.5,32.7,0,,207,10,,1012.8,
2021-07-28,27.6,20.7,35.6,0,,295,11.9,,1011.5,
2021-07-29,28.5,22,35.7,0,,196,11.2,,1011.9,
2021-07-30,27.5,19.9,34.1,0,,245,14.9,,1011.4,
2021-07-31,22.5,17,26.5,0,,300,10.7,,1012,
2021-08-01,20.5,13.5,26.6,0,,46,7.6,,1015.6,
2021-08-02,23.1,16.6,29.8,0,,22,8.9,,1013.8,
2021-08-03,25,18.8,31.8,0,,222,10.2,,1014.5,
2021-08-04,25.7,21.1,30.4,0,,309,11.9,,1014.1,
2021-08-05,26.7,18.8,35,0,,291,8.6,,1014,
2021-08-06,26.4,19.8,33.1,0,,264,13,,1009.5,
2021-08-07,23.7,18.3,29.5,0,,263,12.8,,1008.6,
2021-08-08,23.7,18,30.6,0,,352,9.9,,1013.1,
2021-08-09,26.6,21.1,33.2,0,,162,8.5,,1014.5,
2021-08-10,27.9,22.6,35.6,0,,129,8.2,,1014.5,
2021-08-11,30.3,23.8,37.4,0,,50,8.3,,1015.3,
2021-08-12,29.7,23.1,37.3,0,,193,10.4,,1016.8,
2021-08-13,31.4,24.4,40.3,0,,293,9.4,,1018.7,
2021-08-14,32.4,26.1,40.7,0,,216,10.6,,1017.7,
2021-08-15,31.4,24.6,39.8,0,,261,12.9,,1015.4,
2021-08-16,28.6,22.4,35.8,0,,23,14.8,,1016,
2021-08-17,24.8,17.5,32.6,0,,41,15.6,,1019.1,
2021-08-18,26.1,19.5,33.8,0,,22,12,,1015.9,
2021-08-19,26.7,20.7,33.5,0,,311,11.8,,1012.2,
2021-08-20,26.8,21,33.9,0,,219,8.8,,1013.4,
2021-08-21,26.7,19.7,34.5,0,,235,7,,1016.3,
2021-08-22,28.1,21.1,35.7,0,,259,7.9,,1017.3,
2021-08-23,28.8,23.4,36.9,0,,45,12.7,,1015.7,
2021-08-24,25.7,20.5,31.9,0,,88,11.7,,1013.1,
2021-08-25,24.9,19.8,32,0,,130,9,,1012.6,
2021-08-26,24.7,20.4,33.1,3.6,,182,4.7,,1014.1,
2021-08-27,26.6,20.3,33.8,0,,244,8.3,,1013.4,
2021-08-28,25.7,18.9,32.8,0,,252,10.5,,1013.3,
2021-08-29,24.7,18.7,31.3,0,,270,10.3,,1012.7,
2021-08-30,24.4,19.1,29.7,0,,233,10.5,,1012,
2021-08-31,24.8,19.3,30.9,32.5,,94,7.6,,1014.2,
2021-09-01,19.3,16.1,23.4,5.8,,108,8.3,,1016.4,
2021-09-02,19.6,15.7,25.7,1.1,,193,5.2,,1017,
2021-09-03,22.3,16.5,28.3,0,,283,5.3,,1016.6,
2021-09-04,23.3,17.6,29.9,0,,159,6.1,,1015.1,
2021-09-05,24.7,19.2,31.1,0,,110,6.8,,1016.4,
2021-09-06,25.7,21.6,31.3,0,,67,11.5,,1018.1,
2021-09-07,25.6,20.4,31.4,0,,177,10,,1015.8,
2021-09-08,22.6,18.8,27.1,0,,243,13.9,,1014.4,
2021-09-09,22,18.6,25.9,0,,249,10.5,,1015,
2021-09-10,22.6,18.2,27.3,0,,262,11.2,,1016.5,
2021-09-11,20.8,16.3,26.3,0,,256,6.7,,1017.8,
2021-09-12,23.2,17.5,29.8,0,,41,6.7,,1015,
2021-09-13,21.7,18.5,25.8,0.5,,235,7.5,,1015.1,
2021-09-14,18,15.3,19.6,27.1,,109,9.3,,1014.1,
2021-09-15,18.6,15.6,22.9,0.1,,187,5.9,,1014.9,
2021-09-16,20.1,16.7,25.2,0,,24,5,,1017.8,
2021-09-17,20.8,15.9,25.7,0,,328,7.9,,1016.2,
2021-09-18,20.1,15.6,26.2,0,,301,9,,1014.7,
2021-09-19,18.5,13.3,23.8,0,,43,7.8,,1019.6,
2021-09-20,18.4,13.1,24.7,0,,31,14.3,,1020.1,
2021-09-21,16.2,10.8,21.7,0,,47,18,,1022.3,
2021-09-22,16.3,13,21,1.1,,47,12.5,,1020.1,
2021-09-23,19.1,14.7,25,14,,59,13.5,,1017.4,
2021-09-24,18.5,16.4,23.3,38.9,,64,10.2,,1016.1,
2021-09-25,17.7,14.1,21.1,0,,208,11.6,,1017.7,
2021-09-26,17.6,12.7,22.7,0,,238,5.6,,1021.1,
2021-09-27,18.2,12.8,24.7,0,,219,4.3,,1021.7,
2021-09-28,19.1,13.9,25.1,0,,326,6.4,,1020.8,
2021-09-29,18.4,13.2,23.7,0,,20,9,,1024.3,
2021-09-30,18.7,15.2,23.7,0,,59,8.1,,1024.7,
2021-10-01,18.6,14.7,24.6,0,,333,6.3,,1020.5,
2021-10-02,18.9,13.2,25.1,0,,280,8.8,,1015.8,
2021-10-03,15.6,12.2,18.3,11.8,,251,15,,1011.3,
2021-10-04,13.5,9.2,18.7,0,,299,6.9,,1020,
2021-10-05,16.4,11.2,23.1,0,,263,10.2,,1020.7,
2021-10-06,17.5,13,22.7,0,,38,7.1,,1023.3,
2021-10-07,17.2,11,24.5,0,,45,6.2,,1021.3,
2021-10-08,18.2,11.8,24.8,0,,22,7.1,,1018.8,
2021-10-09,17.4,12.3,22.6,0,,59,7.5,,1019.3,
2021-10-10,17.1,13.2,21.9,0,,44,11.9,,1020.8,
2021-10-11,17.1,13,21.8,0,,46,10.6,,1021.1,
2021-10-12,17.1,12.4,22.2,0,,68,6.4,,1019.2,
2021-10-13,17.4,11.3,23.6,0,,49,11.9,,1018.7,
2021-10-14,16.3,11.5,22.2,0,,45,7.4,,1021.3,
2021-10-15,16.8,11.9,22.9,0,,341,5.5,,1019.4,
2021-10-16,15.7,11.9,19.9,2.2,,45,5.5,,1017.8,
2021-10-17,17.1,13.1,21.4,0,,355,4.6,,1018.2,
2021-10-18,17.1,12.9,22,0,,58,5.2,,1022.3,
2021-10-19,17.9,14.3,22.8,0,,70,5.5,,1024.6,
2021-10-20,17.9,13.8,22.8,0,,132,9.3,,1021.9,
2021-10-21,16.5,12.9,19.8,0,,328,5.7,,1018.3,
2021-10-22,14.7,11.5,18.7,0,,40,18.4,,1019.1,
2021-10-23,12.7,8.2,18.1,0,,53,7.8,,1022.7,
2021-10-24,12.3,7.5,19,0,,347,5.8,,1022.9,
2021-10-25,13.1,8.1,18.9,0,,57,4.7,,1021.3,
2021-10-26,14.2,10.5,19.2,0,,44,10,,1022.8,
2021-10-27,13.6,8.5,19,0,,140,5.5,,1022.3,
2021-10-28,13.7,9.3,19,0,,251,7.2,,1017.1,
2021-10-29,13.3,12.3,14.8,67.7,,206,12.1,,1012.7,
2021-10-30,15.5,13,17.6,3.6,,229,18.5,,1007.9,
2021-10-31,16.1,14.2,18.7,47.7,,235,20.4,,1011.9,
2021-11-01,14.3,10.5,16.9,0,,271,15.3,,1012.8,
2021-11-02,10.6,8.1,13,10,,245,15.1,,1013,
2021-11-03,9.1,6.8,11.8,0,,286,15.5,,1009.7,
2021-11-04,7.7,4.3,11.5,0,,338,6.3,,1015.8,
2021-11-05,8,4.9,12,0,,11,11,,1023.4,
2021-11-06,8,4.2,13.1,0,,19,11.9,,1027,
2021-11-07,7.2,2.8,12.9,0,,354,7.7,,1025.2,
2021-11-08,10.6,4.1,17.7,0,,343,9.3,,1020.4,
2021-11-09,10.1,4.6,16,0,,35,6.8,,1018.7,
2021-11-10,9.4,5.3,14.8,0,,16,8.3,,1019.9,
2021-11-11,9,4.6,14.5,0,,353,5,,1019.2,
2021-11-12,11.3,7.9,16.9,0,,29,7.4,,1018.6,
2021-11-13,10.4,5.5,15.5,0,,23,6.9,,1019.8,
2021-11-14,10.3,5,15.8,0,,31,7.5,,1019.5,
2021-11-15,11.1,7,14.4,0,,3,11.7,,1019.8,
2021-11-16,8.2,4,12.6,0,,14,8.1,,1020.5,
2021-11-17,9.1,5.4,13.8,0,,38,13.6,,1022.4,
2021-11-18,8.4,5.1,12.2,0,,54,11.6,,1026.6,
2021-11-19,10.6,7.5,14.7,0,,61,11.5,,1027.4,
2021-11-20,10.9,9.9,12.4,0,,37,10.7,,1023.4,
2021-11-21,10.8,7.4,13.6,0,,322,5.9,,1016.3,
2021-11-22,7.1,4.7,9.5,13,,34,8.9,,1011,
2021-11-23,5,3.3,6.7,0.3,,121,4.1,,1012.9,
2021-11-24,4.7,2.3,7.5,0,,304,7.1,,1014.8,
2021-11-25,6.4,3.2,9.3,0,,301,8.8,,1010.1,
2021-11-26,5.6,2.8,10.2,0,,293,8.4,,1012.5,
2021-11-27,5.4,2.3,8.6,0.5,,276,16.2,,1009.9,
2021-11-28,5.3,1.1,8.3,0,,279,18.9,,1017,
2021-11-29,9.8,5.5,13.2,0,,272,16.6,,1019.9,
2021-11-30,6.9,3.4,11.9,0,,8,5.1,,1027.1,
2021-12-01,5.6,0.9,10.6,2.4,,256,10.8,,1021.7,
2021-12-02,6.8,3,9.4,0,,309,10.4,,1016,
2021-12-03,6.7,2.5,11.8,0,,275,12.7,,1024.2,
2021-12-04,7.2,2.9,12,0,,248,14.6,,1023.2,
2021-12-05,8.4,5,11.4,0,,262,17.2,,1022.2,
2021-12-06,9,5.5,14.2,0,,260,14,,1025.4,
2021-12-07,7.6,4.3,10.8,2.3,,232,13.5,,1020.3,
2021-12-08,7.2,5.5,10.2,0.2,,267,22.6,,1015.5,
2021-12-09,8.3,5.2,11.9,0,,243,21.5,,1021.5,
2021-12-10,11,7.3,15.1,0,,256,20.7,,1019.7,
2021-12-11,11.1,7.2,16.3,0,,271,9.3,,1023.5,
2021-12-12,8.7,5.4,12.9,0,,21,5.2,,1027.2,
2021-12-13,8.1,4.3,12.8,0,,33,5.9,,1026.5,
2021-12-14,9,4.3,15.5,0,,30,8,,1026.2,
2021-12-15,9.9,5.6,16.3,0,,33,7.5,,1025.9,
2021-12-16,7.3,2.4,11.5,0,,44,6.7,,1028.2,
2021-12-17,6.4,2.8,10.9,0,,45,7.6,,1028.8,
2021-12-18,7.1,3.1,10.3,0,,41,9.5,,1029.6,
2021-12-19,8.9,6.7,11.6,0,,53,8,,1026.8,
2021-12-20,7.3,4.6,10.1,0,,41,5.2,,1023.6,
2021-12-21,9.6,7.3,12.8,0,,49,4.4,,1021.3,
2021-12-22,10.7,7.9,14.1,0,,143,7.2,,1020.2,
2021-12-23,9.5,7.2,11.9,5.7,,143,6.9,,1020,
2021-12-24,10.4,9.2,11.7,3.5,,192,8,,1013,
2021-12-25,9.2,8.2,10.6,8.5,,177,7.3,,1008.2,
2021-12-26,9.7,8.8,11.7,11.5,,241,9.6,,1012,
2021-12-27,12.1,10.1,14.3,0,,240,20.4,,1014.7,
2021-12-28,10.9,8.3,14.6,0,,243,16.2,,1022.5,
2021-12-29,9.1,7,12.6,0,,36,5,,1027,
2021-12-30,9.3,4.7,14.9,0,,33,5.3,,1026.1,
2021-12-31,9.7,5,15.5,0,,22,6,,1028.1,
2022-01-01,10.1,5.5,16.7,0,,21,6.1,,1028.6,
2022-01-02,9.5,5.1,14.5,0,,33,4.6,,1029.7,
2022-01-03,9.1,5.6,13.8,0,,235,5.6,,1026.7,
2022-01-04,7.4,5.2,12.1,7.3,,232,14.2,,1016.4,
2022-01-05,5.9,4.3,8.9,5,,290,14,,1019.5,
2022-01-06,4.1,1.1,7.6,0,,262,5.8,,1021.9,
2022-01-07,4.8,0.3,10.9,0,,342,7.3,,1028,
2022-01-08,3.4,-0.2,7.8,0,,241,6.6,,1029.9,
2022-01-09,8.8,2.8,13.2,0,,262,18.2,,1023.8,
2022-01-10,11.5,6.9,15.5,0,,310,11.2,,1021.9,
2022-01-11,9.2,5.3,14.4,0,,24,11,,1025.7,
2022-01-12,7.3,4.3,11.1,0,,31,9.6,,1029.4,
2022-01-13,5.6,2.4,8.9,0,,60,8.1,,1034.1,
2022-01-14,4.4,1,8.2,0,,43,7,,1033.9,
2022-01-15,3.9,-0.1,8.2,0,,39,5.3,,1030.5,
2022-01-16,3.9,-0.5,8.8,0,,39,5,,1031.8,
2022-01-17,4.8,0.4,10.3,0,,43,6.2,,1033.4,
2022-01-18,5.8,0.5,12,0,,36,5.1,,1031.9,
2022-01-19,6,1,12,0,,34,5.6,,1031,
2022-01-20,6.9,0.7,12.5,0,,33,9,,1029.5,
2022-01-21,4.9,1,8.9,0,,32,10.7,,1027.9,
2022-01-22,5,1.2,9.3,0,,37,10.4,,1030.8,
2022-01-23,5.8,2.4,9.3,0,,49,8.5,,1028.1,
2022-01-24,6.6,4,8.5,0,,40,7.9,,1028.8,
2022-01-25,7.9,4.3,10.4,0,,62,8.8,,1031.7,
2022-01-26,6.4,2.6,10.4,0,,48,8.6,,1030.7,
2022-01-27,7.7,3.3,12.9,0,,40,9,,1029.8,
2022-01-28,8.1,3.6,14.2,0,,36,10.5,,1032.1,
2022-01-29,8.8,2.3,15.5,0,,34,9.2,,1033.8,
2022-01-30,8.9,3.6,16,0,,27,6,,1030.1,
2022-01-31,8.1,1.2,15.8,0,,35,6.5,,1028.2,
2022-02-01,10.7,5.3,16.6,0,,23,15.5,,1030,
2022-02-02,10.6,4.6,18.6,0,,9,7.5,,1028.1,
2022-02-03,10.1,4.6,16.4,0,,322,6.5,,1023.1,
2022-02-04,9.6,6.5,13.2,0,,269,5,,1022.5,
2022-02-05,9.8,6.6,14.3,0,,39,15.1,,1025.3,
2022-02-06,7.8,3.6,13.2,0,,33,9.3,,1029.3,
2022-02-07,9.3,2.8,16.8,0,,41,11,,1030.4,
2022-02-08,10.2,5.2,15.7,0,,59,9.7,,1030.6,
2022-02-09,9.7,5.2,14.8,0,,59,6.3,,1030.2,
2022-02-10,9.3,3.7,15.5,0,,12,5.6,,1027.7,
2022-02-11,10.8,5.2,16.7,0,,17,6.7,,1025.7,
2022-02-12,10.5,6.9,14.8,0,,92,7,,1024,
2022-02-13,9.7,6.6,13.2,1,,222,13.7,,1020.1,
2022-02-14,8.1,5.1,11.9,0,,278,16.3,,1019.6,
2022-02-15,7.3,2.1,12.8,0,,273,9.6,,1028,
2022-02-16,9.4,4.7,14.8,0,,292,9.8,,1027.9,
2022-02-17,10.5,4.8,16.9,0,,152,5.5,,1026.7,
2022-02-18,11.8,5.6,18.1,0,,21,6.2,,1018.8,
2022-02-19,9.8,5.5,12.9,0,,47,17.9,,1022.3,
2022-02-20,7.8,1.9,14.1,0,,39,8.2,,1029.5,
2022-02-21,11,4.6,17.5,0,,25,9,,1028.7,
2022-02-22,12.5,5.5,19.5,0,,36,9.6,,1029.3,
2022-02-23,12.1,6.6,17.9,0,,51,8.3,,1024.1,
2022-02-24,11.3,6.6,16.1,0.3,,54,7,,1020.7,
2022-02-25,8.9,6.6,11,3.9,,44,16.5,,1024.7,
2022-02-26,8.4,6.7,9.6,3.4,,76,10.2,,1022.8,
2022-02-27,9.4,7.1,13.1,0.1,,81,5.8,,1023.4,
2022-02-28,10.7,5.5,16.5,0,,79,6.5,,1026,
2022-03-01,11.3,4.8,17.2,0,,266,7.8,,1025.3,
2022-03-02,12,8.1,15.9,0,,269,11.2,,1022.3,
2022-03-03,8.5,5.5,10.7,18.2,,279,7.4,,1017.1,
2022-03-04,8.9,5.5,13.2,0,,17,19.5,,1018.4,
2022-03-05,7.5,3.6,12.2,0,,38,7.8,,1018.4,
2022-03-06,7.7,3.7,11.1,5.9,,49,12.2,,1015.4,
2022-03-07,7.1,4.4,11.1,2.8,,108,10.1,,1014.8,
2022-03-08,8.3,5.5,12.5,0,,224,11.1,,1017.5,
2022-03-09,8.8,4.3,13,0,,192,6.7,,1021.2,
2022-03-10,10.8,7.9,14.8,2.7,,186,7.5,,1019.5,
2022-03-11,9.2,7.3,13,6.2,,221,15,,1014.1,
2022-03-12,8.4,4.2,12.5,0.7,,248,13.2,,1015.7,
2022-03-13,9.4,4.7,13.4,9.7,,227,11.5,,1013.4,
2022-03-14,7.6,6.1,11.7,13.4,,61,13.9,,1010.5,
2022-03-15,12.9,8.1,19.9,1.1,,48,15.4,,1012.7,
2022-03-16,12.7,8.5,17.5,0,,37,12.7,,1014.5,
2022-03-17,10.9,8.6,12.7,0.2,,33,20.5,,1021,
2022-03-18,10.5,7.4,13.8,0,,58,13,,1024.5,
2022-03-19,10.7,7.8,13.7,0,,75,9.4,,1024.6,
2022-03-20,11,8.8,13.8,6.7,,103,14.6,,1021.8,
2022-03-21,9.9,7.2,13.8,25.4,,130,13.1,,1020.1,
2022-03-22,9.4,7.9,11.8,1.2,,135,18,,1021.6,
2022-03-23,8.8,6.4,11.9,1.8,,84,13.7,,1021.5,
2022-03-24,9.3,7.2,11.6,6.2,,48,16.6,,1019.4,
2022-03-25,10.2,8.3,12.7,4.4,,35,14.7,,1018.1,
2022-03-26,9.9,8,13,0,,56,11.4,,1018.5,
2022-03-27,11.4,8.6,13.8,0,,,,,,
2022-03-28,11.7,7.4,16.9,0,,73,8.8,,1020.8,
2022-03-29,12.8,9.9,17.3,7.4,,46,5.2,,1009.9,
2022-03-30,10.8,7.8,12,1,,14,8.6,,1005.2,
2022-03-31,9.2,5.8,13.8,0.8,,298,11.3,,1006.6,
2022-04-01,7.1,3.6,11.2,0.1,,346,13.7,,1015.3,
2022-04-02,5.7,2.3,11.1,0,,15,11.8,,1020.5,
2022-04-03,5.7,0.9,11.1,0,,44,14.5,,1017.7,
2022-04-04,5.9,0.1,12.5,0,,45,18.8,,1016.1,
2022-04-05,6.7,3.8,11.6,0,,10,10.8,,1015.6,
2022-04-06,7.3,3.9,17,0,,240,9,,1015.5,
2022-04-07,11.4,6.7,19.8,0,,244,14.5,,1019.4,
2022-04-08,10.5,7.1,16.5,0,,243,16.5,,1019.4,
2022-04-09,12.2,9.4,18.1,0,,244,11.9,,1018,
2022-04-10,14,10.4,22.5,0,,122,11.3,,1014.5,
2022-04-11,14.1,9.3,22.7,4.3,,157,13.5,,1008.1,
2022-04-12,11.4,8.5,15.7,4.1,,225,10.4,,1009.3,
2022-04-13,11.6,6,19.2,0,,353,9.5,,1012.9,
2022-04-14,14,10.9,21.4,0,,33,11.3,,1017.8,
2022-04-15,15.9,10.5,24.2,0,,23,6.8,,1021.1,
2022-04-16,17.5,11.5,26.4,0,,2,8.3,,1020.8,
2022-04-17,17.3,11.9,25.5,0,,33,5.8,,1018,
2022-04-18,18.6,13.1,25.8,0,,6,12,,1013.6,
2022-04-19,12.8,6,19.3,15.3,,17,17.3,,1010.6,
2022-04-20,8.6,4.2,13.3,0.7,,6,19.3,,1008,
2022-04-21,9.9,4.9,17.2,1.3,,236,8,,1008.9,
2022-04-22,8.7,6,10.9,22.8,,205,16.6,,1001.8,
2022-04-23,8.1,5.1,12.1,1.9,,241,22.9,,1002.7,
2022-04-24,10.2,4.7,17.7,0.1,,240,9.8,,1012.2,
2022-04-25,12.3,8.1,20.7,0,,90,6.1,,1012.6,
2022-04-26,13.9,11.5,22.5,8.9,,114,8.4,,1012.4,
2022-04-27,12.6,10.8,17.5,1.1,,211,4.3,,1015.5,
2022-04-28,11.9,9.8,17.2,2.1,,42,9.3,,1019.8,
2022-04-29,15,11,22.7,0,,43,9.8,,1024.5,
2022-04-30,16,11.9,23.1,0,,346,7,,1022.1,
2022-05-01,16.9,12.9,25.5,0,,321,7.6,,1017.8,
2022-05-02,14.2,12,19.4,2.2,,8,10.5,,1011.2,
2022-05-03,13.3,11.1,17.5,2.6,,50,17.3,,1011.8,
2022-05-04,14.3,10.2,20.2,0,,42,15.7,,1016.1,
2022-05-05,14.9,10.6,23.4,0,,27,8.7,,1021.3,
2022-05-06,15.3,10.2,23.8,0,,30,10.8,,1022.9,
2022-05-07,16.4,10.4,24.2,0,,38,12.3,,1021.6,
2022-05-08,17.9,12.6,26.6,0,,36,9.3,,1019.9,
2022-05-09,19.4,13.7,27.5,0,,56,8.2,,1020.3,
2022-05-10,20.5,14.3,29,0,,108,6,,1020.8,
2022-05-11,22.4,16.2,29.5,0,,117,7.6,,1017.7,
2022-05-12,21.7,16.8,27.2,0,,131,9,,1017.6,
2022-05-13,21.9,15.3,29.2,0,,331,6.7,,1019.1,
2022-05-14,21,17.5,27.9,0.8,,55,7.1,,1016.4,
2022-05-15,20.4,16.2,25.3,0,,226,14,,1015.4,
2022-05-16,19.2,13.3,26.8,0,,243,9.1,,1019.4,
2022-05-17,20.8,13.7,28.7,0,,258,8.2,,1019.8,
2022-05-18,23,16.4,31.8,0,,343,8.3,,1016.9,
2022-05-19,25.6,18.8,33.5,0,,107,9.3,,1016.3,
2022-05-20,25.9,18.9,31.9,0,,82,11.9,,1019.4,
2022-05-21,26.1,18.2,32.6,0.6,,77,8.7,,1018.1,
2022-05-22,22.8,17.3,27.9,0,,214,14,,1012.9,
2022-05-23,20.7,15.7,27.2,0,,263,13.4,,1010.9,
2022-05-24,18,12,22,0,,351,12.5,,1010.3,
2022-05-25,15.8,9.4,22.1,0,,23,15,,1018.9,
2022-05-26,,10.5,26.7,0,,,,,,
2022-05-27,22.4,14.9,31.2,0,,47,11.4,,1019.6,
2022-05-28,24.1,16.2,32.6,0,,42,10.3,,1013.8,
2022-05-29,23.8,15.9,31.3,0,,270,10.9,,1007.2,
2022-05-30,20.6,15.5,23,0,,239,18,,1008.5,
2022-05-31,22.1,13,29.7,0,,220,8.2,,1012.1,
2022-06-01,23,15.6,29.5,0,,235,13.7,,1013.5,
2022-06-02,22.3,16.2,28.8,0,,238,9.4,,1012.9,
2022-06-03,21.9,16.3,27.7,0,,210,12,,1012.8,
2022-06-04,20.8,14.9,27,0,,239,12.3,,1014.5,
2022-06-05,21.6,13.7,29.4,0,,248,8.3,,1019,
2022-06-06,23.7,15.7,30.1,0,,252,11.5,,1018,
2022-06-07,25,16.9,32.6,0,,280,10.6,,1017,
2022-06-08,25,18.4,27.4,0,,295,14.5,,1015,
2022-06-09,25.5,18.8,32.5,0,,22,12.6,,1017.9,
2022-06-10,27.2,20,35,0,,56,9.7,,1018.3,
2022-06-11,28,22,36.8,0,,55,9.4,,1017.8,
2022-06-12,27.8,22.1,34.1,0,,51,9.6,,1018.4,
2022-06-13,29.3,21.4,37.5,0,,47,10,,1016.1,
2022-06-14,30.5,23.5,38.5,0,,6,11.2,,1014.1,
2022-06-15,31.1,24.2,37.9,0,,78,9.8,,1014.8,
2022-06-16,29.8,25.4,37.2,0.1,,21,10.6,,1017.4,
2022-06-17,30.2,23.1,38.9,0,,65,12.2,,1017.8,
2022-06-18,30.6,25.2,38.9,0,,130,14,,1013,
2022-06-19,23.8,18.8,29.1,0,,238,18.4,,1010,
2022-06-20,22,18.4,28.1,0,,235,14.4,,1010.5,
2022-06-21,21.2,14.7,27.3,0,,239,11.5,,1010.7,
2022-06-22,18.9,14.8,25.2,0.2,,239,15.7,,1011.6,
2022-06-23,19.4,15.6,24.3,0,,237,16.7,,1013.5,
2022-06-24,19.7,12.9,27,0,,242,12.7,,1015.2,
2022-06-25,20.8,13.6,27.7,0,,240,15.1,,1011.8,
2022-06-26,21.2,15.9,27.9,0,,262,11.9,,1010.1,
2022-06-27,21.2,16.5,29,0,,12,14.7,,1014.5,
2022-06-28,22.8,14.7,31.2,0,,74,11.5,,1017.5,
2022-06-29,24.9,17.5,32.9,0,,264,12.6,,1012.4,
2022-06-30,23.9,17.5,30.2,0,,286,10.8,,1011.2,
2022-07-01,23.7,15.4,32.4,0,,60,11.8,,1015.3,
2022-07-02,27.5,21.2,34.5,0,,119,7.8,,1015.9,
2022-07-03,28.5,22.7,35.1,0,,206,12.2,,1015.7,
2022-07-04,27.8,20.5,34.4,0,,236,9.6,,1015.9,
2022-07-05,28.4,21.4,37.1,0,,256,12.4,,1015.5,
2022-07-06,26.6,19.5,32.7,8.2,,52,11.3,,1017.4,
2022-07-07,24.8,17.4,31.8,0,,38,15.3,,1022.9,
2022-07-08,26.5,18.8,34,0,,66,11.3,,1022.5,
2022-07-09,29.2,22,36.8,0,,94,9.6,,1019.9,
2022-07-10,30.6,23.3,37.7,0,,40,8.8,,1015.5,
2022-07-11,30.4,23.8,37.3,0,,52,8.9,,1013.3,
2022-07-12,31,24.4,38,0,,81,9.1,,1017.2,
2022-07-13,32.2,25.3,39.1,0,,89,6.6,,1018.4,
2022-07-14,33.7,26.2,40.7,0,,42,11.2,,1016.9,
2022-07-15,32.6,25.3,39.6,0,,88,12.2,,1014.8,
2022-07-16,32.6,25.5,39.5,0,,105,10.3,,1015.1,
2022-07-17,32.6,25.7,39.5,0,,113,10.1,,1016.2,
2022-07-18,31.9,23.6,39.7,0,,152,11.8,,1015.5,
2022-07-19,29.3,23.2,33.9,0,,231,15.7,,1015.4,
2022-07-20,29.1,20.8,36.6,0,,34,6.9,,1016.7,
2022-07-21,30.4,23.7,37.7,0,,96,9.3,,1016.4,
2022-07-22,31.2,24.5,36.8,0,,203,12.2,,1014.8,
2022-07-23,30.2,22,38.6,0,,257,11.8,,1015.5,
2022-07-24,30.9,21.7,39.2,0,,254,12.9,,1015.6,
2022-07-25,31.5,23.2,38.2,0,,273,12.3,,1015.4,
2022-07-26,28.6,22.3,36.6,0,,355,12.5,,1014.6,
2022-07-27,28.3,21.2,35.6,0,,14,13.5,,1012,
2022-07-28,29.3,22.1,36.6,0,,282,11.1,,1010.6,
2022-07-29,29.6,23.1,36.6,0,,266,11.2,,1012.5,
2022-07-30,29.1,22.2,37.3,1.6,,80,14.5,,1015.8,
2022-07-31,30.1,23,36.7,0,,90,7.6,,1015.6,
2022-08-01,31.6,24.4,37.7,0,,88,7.5,,1014.6,
2022-08-02,31.3,25.1,38.4,0.8,,61,8.5,,1014.1,
2022-08-03,30.4,24.9,37.9,0,,82,8.4,,1011.9,
2022-08-04,30.3,23.7,37,2,,127,9.1,,1011.8,
2022-08-05,29.9,22.8,36.7,0,,138,8.2,,1013.2,
2022-08-06,29.7,23.5,36.7,0,,78,9.4,,1014.7,
2022-08-07,29.7,23.8,36.6,0,,82,8.8,,1013.4,
2022-08-08,29.3,22.4,36.7,0,,65,7.6,,1013.7,
2022-08-09,30.1,23.8,37,0,,100,9.1,,1014.9,
2022-08-10,29.7,25,36.6,0,,92,10.4,,1014.8,
2022-08-11,29.6,24.2,36.6,0,,108,8.5,,1013.9,
2022-08-12,29.8,23.2,36.7,0,,141,9,,1014.1,
2022-08-13,25.4,20.6,27.8,0,,196,12.1,,1014.7,
2022-08-14,24.1,18.1,32.3,0,,236,10.6,,1011.2,
2022-08-15,24.9,17.5,31.8,0,,242,10.6,,1009.1,
2022-08-16,24.4,19.3,29.5,0,,245,15.5,,1008.4,
2022-08-17,21,16.9,28.5,2.1,,302,7.2,,1011.6,
2022-08-18,21.4,15.1,27.7,0,,44,12.1,,1016.7,
2022-08-19,23.2,16.4,30.9,0,,83,8.8,,1019.3,
2022-08-20,26,19.6,34.3,0,,47,9.4,,1018,
2022-08-21,28.2,19.5,36.7,0,,314,9.4,,1015.1,
2022-08-22,27.8,21.6,34.4,0,,40,12.4,,1014,
2022-08-23,28.3,21.6,36.6,0,,47,11.9,,1013,
2022-08-24,28.7,23.5,35.6,0,,47,8.7,,1012.6,
2022-08-25,27.7,22.2,34.4,0,,44,9.1,,1013.5,
2022-08-26,25.6,20.1,32,0,,49,14.1,,1014.4,
2022-08-27,24.8,19.8,32.8,0,,46,9.4,,1011.8,
2022-08-28,26.9,21.1,34.1,0,,100,10.6,,1011.5,
2022-08-29,25.6,22.3,33.2,0,,190,11.5,,1014.7,
2022-08-30,26.8,21,34,0,,230,10.4,,1016.1,
2022-08-31,26.1,20.3,31.8,0,,230,13.9,,1016.5,
2022-09-01,24.7,17.6,31.9,0,,264,9.8,,1014,
2022-09-02,23.9,17.5,30.3,0,,242,13.6,,1012.6,
2022-09-03,22.7,17.4,28.8,0,,243,12,,1012.4,
2022-09-04,22.4,15.5,29.4,0,,240,11.6,,1016,
2022-09-05,21.6,15.7,29,0,,237,11.5,,1018.8,
2022-09-06,22,16.5,28.9,0,,242,13.8,,1018.5,
2022-09-07,21.3,15.3,25.8,0,,255,12.1,,1016.2,
2022-09-08,21.9,18.6,29.2,0,,239,10.5,,1016.3,
2022-09-09,24.1,20.3,31.3,0,,264,6.7,,1017.4,
2022-09-10,25.9,19.9,33.2,0,,333,9,,1017,
2022-09-11,27.5,21,34,0.3,,159,8.6,,1014.2,
2022-09-12,26.1,22.1,28.8,18.5,,152,10,,1010.6,
2022-09-13,20.1,16.9,25.2,0.6,,217,11.5,,1009.5,
2022-09-14,19,15.7,23.3,0.2,,225,12.1,,1011.5,
2022-09-15,18.5,17.2,24.5,14.5,,240,6.3,,1014.4,
2022-09-16,20,16,27.4,0,,351,5.2,,1014.4,
2022-09-17,20.5,15.7,27.3,0,,48,11,,1013.5,
2022-09-18,21.5,17.9,29.1,0,,66,9.4,,1014.2,
2022-09-19,22.3,18,26.5,7,,53,6.3,,1015.9,
2022-09-20,21.8,16.3,27,0,,71,5,,1017.1,
2022-09-21,21.3,17.4,29.1,0,,109,8.4,,1016.7,
2022-09-22,21,16.2,28.8,0,,300,8.6,,1016.7,
2022-09-23,21.9,17.1,26.6,0,,227,9.8,,1015.7,
2022-09-24,19.9,14.9,25.1,0,,347,9.8,,1012.7,
2022-09-25,16.4,11.5,20.3,0,,38,16.1,,1013.2,
2022-09-26,16.6,11.5,21.9,0,,23,12.7,,1014.3,
2022-09-27,16.7,10.4,23.4,0,,299,8.1,,1016.2,
2022-09-28,17,11.9,21.8,0,,316,10.2,,1014.3,
2022-09-29,14.4,12.3,16.9,2.7,,276,15.4,,1009.3,
2022-09-30,14.2,9.3,19.8,0.1,,359,9.9,,1015.3,
2022-10-01,15.9,9.8,22.6,0,,94,4.4,,1024.3,
2022-10-02,18.6,12.2,26.4,0,,43,7.4,,1025.2,
2022-10-03,20.2,14.7,26.5,0,,69,7.9,,1021.4,
2022-10-04,21.4,13.6,28.9,0,,340,5.8,,1020.2,
2022-10-05,20.9,15.8,26.4,0,,74,6.8,,1021.6,
2022-10-06,20.4,16.2,25,0,,80,9.7,,1024.4,
2022-10-07,19.1,13.6,22.9,0,,95,4.8,,1021.7,
2022-10-08,18.9,14.7,24.7,0,,44,7.9,,1018.3,
2022-10-09,18.7,16,23.7,0.6,,101,5.7,,1016.9,
2022-10-10,18.3,15.2,20.8,3.7,,19,6.6,,1016.7,
2022-10-11,17.4,15.2,21.8,0,,50,7.1,,1019.1,
2022-10-12,16.7,12.9,22.8,0,,52,6.8,,1021,
2022-10-13,17,13.6,23.5,0,,2,6,,1024,
2022-10-14,18,13.1,25.3,0,,306,5.5,,1022.4,
2022-10-15,19,13.6,25.6,0,,322,6.3,,1016.3,
2022-10-16,19.3,13,24,1.8,,189,7.8,,1016.3,
2022-10-17,19.2,15.4,24.5,0.1,,142,7.7,,1020.6,
2022-10-18,20,15.5,26.9,0,,125,7.9,,1022.4,
2022-10-19,19.5,17.5,24.4,0.4,,189,14.4,,1018.7,
2022-10-20,17.2,13.6,20.5,8.8,,193,18.2,,1014.4,
2022-10-21,14.6,13.6,18,3.5,,218,12.6,,1015.9,
2022-10-22,15.6,12.8,21.8,5.7,,206,11,,1015.8,
2022-10-23,15.2,13.6,16.8,1.8,,217,16.1,,1015.6,
2022-10-24,14.2,12.4,17.1,0,,241,6.5,,1019.2,
2022-10-25,16.1,13.5,23.3,0,,358,9.4,,1017.1,
2022-10-26,17,13.7,21.7,0,,148,6.1,,1019.6,
2022-10-27,17.7,16.2,23.9,0,,38,5.7,,1021.6,
2022-10-28,17.6,14.7,23.5,0,,53,6,,1023.3,
2022-10-29,17.3,15.4,22.6,0,,87,7,,1020.2,
2022-10-30,14.8,13.1,18.3,0,,261,6.3,,1019.3,
2022-10-31,13.1,12.1,16.1,1.4,,270,6.2,,1019,
2022-11-01,14,13,19.3,0,,248,4.9,,1023.6,
2022-11-02,13.5,11.1,20,0,,354,5.5,,1023.1,
2022-11-03,13.3,11.1,16.7,1.6,,234,15,,1019.4,
2022-11-04,11.2,6.8,15.1,0,,336,6.9,,1021.7,
2022-11-05,9.6,4,16.4,0,,9,5,,1023,
2022-11-06,10.7,5,18.5,0,,277,4.2,,1020.1,
2022-11-07,10.9,5.2,18,0,,290,5.6,,1019.7,
2022-11-08,12.4,9.5,14.9,2.2,,211,10.1,,1017.1,
2022-11-09,12.6,9.5,15.1,5.4,,250,9,,1019.3,
2022-11-10,10.4,6.8,16,0.1,,35,6.5,,1024.7,
2022-11-11,10,8.7,15.7,2.1,,48,9.8,,1025.3,
2022-11-12,11.9,11,18.7,2.5,,47,11.7,,1023.5,
2022-11-13,11.7,10.7,16.4,0,,41,6.1,,1021.2,
2022-11-14,11.4,9.9,15.8,0.6,,223,11.6,,1019.1,
2022-11-15,13.3,12.2,15.6,6.4,,230,20.9,,1014,
2022-11-16,12.4,10.5,13.3,3.7,,240,19.7,,1011.7,
2022-11-17,14.1,10.9,16.9,0.1,,243,21.7,,1009.5,
2022-11-18,9.9,7.7,12.9,0.2,,274,15,,1013.6,
2022-11-19,7.7,5.2,11.7,0,,289,14.3,,1020.1,
2022-11-20,9.9,4.7,16.2,0,,255,14.5,,1023.6,
2022-11-21,11.2,5.9,13.4,7.8,,247,23.5,,1016.1,
2022-11-22,7.4,5.6,12.6,2.4,,243,19.8,,1017.3,
2022-11-23,13.1,11.7,16.7,0.1,,241,20.8,,1014.6,
2022-11-24,12.5,9.9,13.7,6.3,,230,16.1,,1018.5,
2022-11-25,11,5.9,13.3,0,,312,10.9,,1024.4,
2022-11-26,6.9,3.8,11.9,0,,56,5.5,,1030.5,
2022-11-27,6.9,3.7,12.5,5.4,,3,6.1,,1025,
2022-11-28,8,5.1,11.2,0.1,,282,13.9,,1023.3,
2022-11-29,6.3,2.8,11.1,0,,344,5.7,,1023.3,
2022-11-30,6.5,4.2,11,0,,34,4.1,,1017.9,
2022-12-01,6.6,5.5,11.5,0,,37,12.2,,1016.1,
2022-12-02,5.6,3.5,9.3,0,,35,8.3,,1014.8,
2022-12-03,5.1,1.9,9.1,1.8,,243,5.3,,1009.1,
2022-12-04,4.7,3.2,7.9,1.5,,24,5.3,,1011.1,
2022-12-05,6.4,5.7,9.7,13.1,,48,9.6,,1014.5,
2022-12-06,9.7,8.9,11,0,,34,4.7,,1015.8,
2022-12-07,8.1,8.5,12.6,2.4,,56,5.4,,1014.7,
2022-12-08,9.4,7.9,11.7,17.7,,169,12.5,,1004.5,
2022-12-09,9.2,7.9,11,10.4,,205,10.6,,1001,
2022-12-10,8.4,7.3,12.5,8.5,,283,7.9,,1009.3,
2022-12-11,7.4,5.7,9.2,4.1,,280,9.5,,1008,
2022-12-12,11.5,8,13.7,19.5,,227,19.3,,1008,
2022-12-13,13.4,11.5,14.5,26.1,,215,15.7,,1004.3,
2022-12-14,11.5,9.9,12.9,26.6,,214,13.2,,1004.2,
2022-12-15,9.2,8.3,11,0.3,,236,15.2,,1001.3,
2022-12-16,7.4,5.9,10.1,2,,141,6.6,,1009.7,
2022-12-17,7.5,8,11.5,0,,47,6.3,,1018.4,
2022-12-18,7.5,5.9,10.9,0,,118,5,,1026.9,
2022-12-19,5.4,5.7,11.3,0,,43,5.5,,1027.8,
2022-12-20,8.2,5.9,9.9,11,,171,9.5,,1023.3,
2022-12-21,10.6,8.5,13.3,0,,241,13.9,,1025.5,
2022-12-22,11.2,10.2,14.1,0.3,,241,13.1,,1028.1,
2022-12-23,10.9,10.3,11.7,0.1,,227,9.9,,1026.7,
2022-12-24,8.8,7.8,11.1,0,,186,4.6,,1023.7,
2022-12-25,9.3,5.9,14.2,0,,161,6.9,,1021.5,
2022-12-26,8.9,6.6,15.2,0,,118,4.9,,1027.2,
2022-12-27,7.5,5.2,13.7,0,,358,4.6,,1030.9,
2022-12-28,7,4.6,13,0,,177,5.8,,1027.1,
2022-12-29,9.3,8.1,11.6,0,,221,14.3,,1023.8,
2022-12-30,10.6,7.9,12.9,0,,228,17.9,,1024.4,
2022-12-31,7.5,4.7,13.1,0,,105,4.6,,1027,
2023-01-01,8.3,7.8,14.8,0.1,,62,5.7,,1023.8,
2023-01-02,8.7,9,11.8,0,,144,5.1,,1024.7,
2023-01-03,7.1,5.9,12.1,0,,26,5.8,,1030.9,
2023-01-04,5.3,3.1,11.6,0,,33,5.1,,1034.5,
2023-01-05,4.9,3,11.6,0,,44,6,,1030.9,
2023-01-06,3.5,1.9,10.5,0,,53,4.9,,1027.4,
2023-01-07,5.8,2.5,7.9,6.3,,210,9.7,,1024.5,
2023-01-08,11.1,7.7,13.2,4.2,,235,23.7,,1016.5,
2023-01-09,9.3,5.9,12.7,0,,283,14.2,,1023.8,
2023-01-10,5.7,3.4,10.5,0,,289,6.5,,1030.2,
2023-01-11,7.3,4.9,9.2,0.1,,342,8,,1029.8,
2023-01-12,4.3,1.7,10.6,0,,237,7.5,,1030.9,
2023-01-13,4.2,3.7,11.1,0,,337,6.3,,1030.1,
2023-01-14,4.2,1.8,10.3,0,,182,6.7,,1028.1,
2023-01-15,6,4.3,11.2,0,,261,14.1,,1024.3,
2023-01-16,5.7,2.9,10.1,0.4,,241,27.2,,1016.1,
2023-01-17,7.6,2.8,9.9,0.2,,259,29.5,,1003.5,
2023-01-18,3.6,2.1,5.9,0,,283,19.9,,1010.9,
2023-01-19,3.5,1.2,7.7,0.3,,261,21.5,,1021.1,
2023-01-20,7.8,6.6,13.7,0,,307,15.5,,1019.6,
2023-01-21,5.6,3.4,9.8,0,,39,11.5,,1023.3,
2023-01-22,1.9,0.2,8.4,0,,2,14.6,,1027.7,
2023-01-23,1.2,-1.8,8.5,0,,338,13.8,,1025.5,
2023-01-24,1.2,0.2,5.7,0,,43,13.4,,1026.7,
2023-01-25,2.2,0.3,9.1,0.1,,21,12.3,,1028.5,
2023-01-26,3.9,-0.2,9.2,0,,330,14.2,,1021.8,
2023-01-27,3.1,-1,8.6,0,,344,15.8,,1019.3,
2023-01-28,3.1,-0.6,9.3,0,,24,16.2,,1022.1,
2023-01-29,1.4,-1.6,5.9,0,,39,12.6,,1026.6,
2023-01-30,1.2,-1.1,8.2,0,,30,8.5,,1030.7,
2023-01-31,1.6,-1.6,10.9,0,,20,6.1,,1030.8,
2023-02-01,4.1,1.8,11.8,0,,38,12.1,,1029.8,
2023-02-02,4.7,2.4,12.7,0,,46,9,,1031,
2023-02-03,5.7,0.8,15.2,0,,22,7.4,,1031.8,
2023-02-04,5.7,1.1,17,0,,11,7.9,,1031.4,
2023-02-05,6.7,4.5,16.2,0,,38,12.9,,1031.9,
2023-02-06,4.9,2.3,10.8,0,,43,15.9,,1026.6,
2023-02-07,3.9,2.8,8.4,1.1,,54,12,,1023.6,
2023-02-08,5.3,2.3,9.9,0,,51,15.1,,1026.2,
2023-02-09,4.8,4.2,10.3,0,,37,7.8,,1031.9,
2023-02-10,4,2,9,0,,82,10.6,,1037.2,
2023-02-11,3.6,1.3,10.4,0,,78,13.4,,1034.6,
2023-02-12,4.7,1.9,11.2,0,,86,10.7,,1033.2,
2023-02-13,5.3,2.3,10,0,,70,10.3,,1034.2,
2023-02-14,6.1,4.3,10.3,0,,67,12.1,,1031.3,
2023-02-15,7.3,5.8,12.5,0,,47,10.8,,1028.8,
2023-02-16,7.1,3.8,14.1,0,,38,10.2,,1029.9,
2023-02-17,7.3,3.4,14.8,0,,49,12,,1031.7,
2023-02-18,8.3,5.8,14.3,0,,41,11.1,,1030.1,
2023-02-19,11.2,7.9,17.8,0,,58,11.2,,1026.4,
2023-02-20,12.1,9.1,19,0,,72,12.7,,1023.3,
2023-02-21,11.4,8.6,17.5,0,,158,10.5,,1019.8,
2023-02-22,9.7,5.9,15.7,0,,296,8.7,,1017.8,
2023-02-23,6.6,2.7,9.6,0,,259,14.1,,1011.3,
2023-02-24,3.8,-0.3,9.7,0,,332,7.9,,1011.3,
2023-02-25,3.2,0.1,9.8,0.4,,308,9,,1008.1,
2023-02-26,4,0.1,11.4,0.1,,338,13.2,,1010.3,
2023-02-27,1.4,0.4,6.7,0,,352,17,,1017.2,
2023-02-28,1.7,-1.8,8.9,0,,4,13.3,,1021.9,
2023-03-01,1.3,-1.6,6.2,0,,15,11.3,,1020.6,
2023-03-02,2.8,-1.6,9.9,0,,9,8.9,,1020.4,
2023-03-03,4,0.1,11.9,0,,57,7.8,,1021.6,
2023-03-04,5.8,1.4,12.4,0,,69,8.4,,1021.8,
2023-03-05,4.6,2.3,10.3,4.2,,58,6.4,,1017.8,
2023-03-06,7.6,4.5,13.4,0.5,,237,13.2,,1013.6,
2023-03-07,10.3,8.5,15.5,1.8,,231,17.7,,1011.5,
2023-03-08,12.5,9.5,15.8,14.3,,230,21.6,,1012.7,
2023-03-09,12.9,10.9,17.2,1.1,,234,24.1,,1013.8,
2023-03-10,12.1,8.6,18.7,0.1,,248,17.2,,1021.1,
2023-03-11,13.8,8.9,19.8,0,,260,14.5,,1021.8,
2023-03-12,15,9.8,20.6,0,,252,8.8,,1021.2,
2023-03-13,14.1,10.1,19.9,0,,231,18.2,,1016.2,
2023-03-14,11.2,7.2,17.2,0,,302,14.9,,1021.4,
2023-03-15,12.2,7,19.3,0,,79,6.8,,1019.1,
2023-03-16,14.8,9.3,22.8,0,,9,9.7,,1012,
2023-03-17,13.4,10.4,16.5,0,,229,17.9,,1013.1,
2023-03-18,11.1,6.5,15.6,0,,280,13.8,,1016.5,
2023-03-19,11.7,7.6,18,0,,29,9.1,,1020.9,
2023-03-20,12.7,7,19.8,0,,319,9.1,,1021.1,
2023-03-21,13.8,8.1,20.9,0,,313,7.9,,1017.5,
2023-03-22,14.3,8.6,21.6,0,,280,10.6,,1015.6,
2023-03-23,15.2,8.3,21.2,0,,235,13.1,,1014.8,
2023-03-24,13.8,9.9,19,0,,243,17.2,,1018.7,
2023-03-25,13.9,8.4,20.7,0,,259,13.3,,1021.9,
2023-03-26,,9.5,20.7,0,,,,,,
2023-03-27,12.7,7.2,19.9,0,,66,8.9,,1022.7,
2023-03-28,14.7,8.3,22.9,0,,86,7.6,,1022.8,
2023-03-29,16.8,10.6,25.2,0,,21,9.8,,1021.8,
2023-03-30,17.2,11.5,22,0,,239,19.6,,1021.7,
2023-03-31,15.9,11.2,20.9,0,,248,19.9,,1021.5,
2023-04-01,14.3,10.3,19.1,0,,293,19.9,,1021.2,
2023-04-02,11.2,5.8,18.5,0,,346,12.9,,1024,
2023-04-03,11.4,5.1,19.3,0,,65,9.1,,1019.3,
2023-04-04,13.4,8.3,20.7,0,,42,18.2,,1014.3,
2023-04-05,12.9,5.7,21.1,0,,50,12.4,,1018.2,
2023-04-06,15,9.1,23.3,0,,55,10.6,,1016.8,
2023-04-07,15.8,9.2,24.2,0,,60,10.7,,1015.9,
2023-04-08,17.8,9.3,26,0,,117,7.5,,1015.4,
2023-04-09,18.5,10.6,26.5,0,,319,11.6,,1018.5,
2023-04-10,20.3,11.9,26.2,0,,303,11.5,,1020.4,
2023-04-11,19,11.3,25.9,0,,296,13.2,,1020,
2023-04-12,16.1,10,20,0,,270,18.1,,1014.5,
2023-04-13,11.8,6.9,15.9,0,,309,17.5,,1018.3,
2023-04-14,14.3,8.9,19.3,0,,287,19,,1018,
2023-04-15,15.9,10.1,23.3,0,,345,13.9,,1019.6,
2023-04-16,16.2,10.5,24,0,,34,14.8,,1020,
2023-04-17,16.8,10.7,25.1,0,,42,14.6,,1015,
2023-04-18,15.5,8.9,22.9,0,,68,12.7,,1012.4,
2023-04-19,16.8,10.4,23.8,0,,103,9.3,,1011.9,
2023-04-20,19.3,11.6,27,0,,224,10.8,,1008.9,
2023-04-21,18.8,12.1,25.5,7.3,,241,13.9,,1005.7,
2023-04-22,15.9,12,20.5,0.5,,244,14.4,,1010.1,
2023-04-23,15.9,9.1,23.3,0,,253,12,,1014.7,
2023-04-24,18.1,11.6,25.1,0,,266,10.7,,1016.4,
2023-04-25,20.6,13.3,27.8,0,,265,10,,1015.1,
2023-04-26,21.3,13.5,28.9,0,,288,11.1,,1014.6,
2023-04-27,22.8,15.7,30.7,0,,333,10.2,,1014,
2023-04-28,24.2,18.7,30.9,0,,337,12.5,,1013.2,
2023-04-29,20.4,16.3,25.5,0.5,,258,12.1,,1015.3,
2023-04-30,19,14.1,24.2,0,,38,12,,1017.3,
2023-05-01,19.5,12.1,26.6,0,,45,11.2,,1017.7,
2023-05-02,20.9,13.5,27.9,0,,67,10.2,,1016.9,
2023-05-03,22.4,16.2,29.1,0,,120,14.2,,1013.9,
2023-05-04,20.2,14.8,25.4,0,,241,18.9,,1017.8,
2023-05-05,19.6,12.2,26.5,0,,265,10.3,,1017.4,
2023-05-06,20.2,13.5,28,0,,277,12.4,,1013.4,
2023-05-07,20.7,16.1,27,0,,28,11.6,,1017.1,
2023-05-08,22,14.5,29,0,,14,10.8,,1021,
2023-05-09,22.5,17.2,27.1,0,,319,16.1,,1019,
2023-05-10,18.9,13.1,24.9,0,,37,14.2,,1019.5,
2023-05-11,16.6,10,22.8,0,,30,17.6,,1017.5,
2023-05-12,14.4,10,19.4,0,,26,16.1,,1016,
2023-05-13,14.1,8.4,20.7,0,,29,15.3,,1018.6,
2023-05-14,15.2,9.2,20.6,1.5,,5,13,,1019.7,
2023-05-15,15.3,8.6,21.7,0,,24,13.1,,1018.7,
2023-05-16,15.6,9.7,22.4,0,,33,15.7,,1017.4,
2023-05-17,15.6,8.3,23.8,0,,49,22.8,,1016.2,
2023-05-18,15.2,9.6,22.6,0,,43,21.3,,1017.9,
2023-05-19,14.9,9.7,21.8,0,,31,20.2,,1018.3,
2023-05-20,14.8,8.8,20.5,0,,40,14.1,,1014.8,
2023-05-21,15.7,11.1,21.5,0.9,,55,16,,1011.3,
2023-05-22,16.8,13.6,23.9,0.7,,52,13.8,,1011.7,
2023-05-23,16.6,13.5,25.2,4.8,,55,15.5,,1013,
2023-05-24,16.9,13.4,25.1,0,,56,12.9,,1014.9,
2023-05-25,17.2,13.5,25.1,18.8,,45,10.1,,1014.9,
2023-05-26,15.6,12.1,17.9,6.3,,116,17.3,,1015.6,
2023-05-27,15.9,13.3,21.5,10.4,,74,11,,1016.9,
2023-05-28,16.1,12.4,18.5,7.4,,143,9.5,,1014.4,
2023-05-29,15.6,12.4,23.5,7.2,,191,6.8,,1013.6,
2023-05-30,16,12.4,23.2,0.6,,94,7.1,,1015.6,
2023-05-31,16.9,12.6,25.2,0,,248,6.7,,1015.5,
2023-06-01,16.7,13.5,25.1,8.3,,66,8.2,,1013.1,
2023-06-02,16.2,13.5,24.1,1,,82,8.2,,1013.3,
2023-06-03,17.3,13.4,25.3,0.2,,71,7.2,,1013.5,
2023-06-04,18.1,15.2,26.6,0,,68,7.5,,1014.3,
2023-06-05,18.9,16.1,28,4.5,,97,6.9,,1014.8,
2023-06-06,20.2,15.5,28.5,2.9,,86,7.2,,1013.8,
2023-06-07,18.1,15.8,22,9.8,,115,10.8,,1013.1,
2023-06-08,18,15.9,20.3,3.3,,142,9.1,,1011,
2023-06-09,18.6,14.6,24.1,0,,228,14.9,,1011.2,
2023-06-10,19.7,16.3,26.8,0,,234,8.9,,1014,
2023-06-11,20.5,16.9,27.9,0,,281,10.5,,1013.8,
2023-06-12,19.8,17.1,28.3,1.8,,324,9.1,,1012.9,
2023-06-13,18.6,15.1,24.4,0.1,,321,10,,1010.8,
2023-06-14,20.6,15.6,27,0,,21,11.9,,1015.2,
2023-06-15,23.2,17.9,30.4,0,,47,9.2,,1018.1,
2023-06-16,25.3,19.9,32.5,0,,29,9.9,,1016.6,
2023-06-17,26.1,20.9,34,0,,47,10.2,,1012.9,
2023-06-18,24.2,20.3,30.8,2.6,,97,12.6,,1010.7,
2023-06-19,23.2,18.5,29.9,0.5,,121,14.4,,1009.7,
2023-06-20,22.9,19.2,27.4,0,,228,12.8,,1010.9,
2023-06-21,21.3,16.2,28.3,7.5,,97,9.6,,1013.3,
2023-06-22,22,15.4,29,0,,58,6.4,,1019,
2023-06-23,25.1,19.6,32.2,0,,29,11.1,,1021.8,
2023-06-24,27,21.1,34.2,0,,98,8.8,,1018.6,
2023-06-25,29.6,23.1,37,0,,66,10,,1016.9,
2023-06-26,30.1,22.3,37,0,,38,11.1,,1016.4,
2023-06-27,29.2,22.3,34.9,0,,47,12.2,,1015.1,
2023-06-28,28.8,22.9,34.9,0,,3,13,,1013.4,
2023-06-29,28,19.6,36.6,0,,354,14.9,,1013.4,
2023-06-30,23,16.7,29.3,0,,36,18.3,,1018.3,
2023-07-01,24.8,17.9,31.7,0,,39,10.7,,1017.2,
2023-07-02,26.8,20.2,34.7,0,,45,12.5,,1015.9,
2023-07-03,28.1,22.3,35.1,0,,321,14.4,,1014.8,
2023-07-04,27.8,20.5,33.5,0,,318,12.2,,1014.6,
2023-07-05,26.2,21.3,33,0,,311,11.6,,1015.3,
2023-07-06,27.3,21.6,33.7,0,,268,13.2,,1011.7,
2023-07-07,27.1,21.4,34.2,0,,333,14.1,,1011.9,
2023-07-08,26.5,19.7,32.7,0,,243,12.9,,1015.9,
2023-07-09,27.2,19.3,34.2,0,,246,10.2,,1018.7,
2023-07-10,29.7,21.5,37.8,0,,334,9.3,,1018.1,
2023-07-11,31.3,23.6,38,0,,225,14.1,,1014,
2023-07-12,28,21.3,33.2,0,,247,13.8,,1014.7,
2023-07-13,28,21.4,35.1,0,,283,11.2,,1016.6,
2023-07-14,29.1,22.8,36.8,0,,250,13.4,,1013.9,
2023-07-15,26.6,21.1,32.3,0,,237,18.1,,1012.5,
2023-07-16,26.3,20.4,34,0,,271,12.3,,1014.1,
2023-07-17,30.1,22.2,38.7,0,,176,9.4,,1014.5,
2023-07-18,32,25,38.5,0,,179,13.8,,1015.8,
2023-07-19,32.2,25.3,37.5,0,,239,17.6,,1015.6,
2023-07-20,29.4,20.9,36.4,0,,237,17.5,,1012.2,
2023-07-21,26.6,20.7,31.9,0,,280,13.2,,1012.5,
2023-07-22,26,19.3,31.7,0,,325,12.4,,1014.9,
2023-07-23,28.1,19.8,36.3,0,,225,12.4,,1013.1,
2023-07-24,26.7,19.2,32.5,0,,256,15.6,,1010.8,
2023-07-25,24.6,17.4,31.9,0,,315,11.8,,1014.2,
2023-07-26,25.7,18.1,32.9,0,,53,10,,1015.9,
2023-07-27,27.2,21.2,34.2,0,,269,14.2,,1012.9,
2023-07-28,27.2,19.8,34,0,,240,12.6,,1013.1,
2023-07-29,28,21,36.6,0,,258,13.2,,1013.4,
2023-07-30,29.3,22.4,36.8,0,,273,13.4,,1015.6,
2023-07-31,29.8,23.4,36.6,0,,328,12.2,,1015.2,
2023-08-01,29.3,21.2,36.6,0,,283,11.5,,1013.4,
2023-08-02,29,22.1,35.7,0,,287,13.6,,1010.8,
2023-08-03,26.4,20.9,32.8,0,,308,13.5,,1012.4,
2023-08-04,22.1,15.8,29,0,,29,18.5,,1019.3,
2023-08-05,24.4,15.6,33,0,,46,9,,1019.8,
2023-08-06,27.4,20.1,36.3,0,,27,12.4,,1016.6,
2023-08-07,27.2,19,36.5,0,,71,12.7,,1016.6,
2023-08-08,30.2,22.6,37.8,0,,84,10.1,,1014.6,
2023-08-09,31.9,24.2,39.5,0,,259,11.3,,1015.8,
2023-08-10,31.5,22.8,38,0,,255,13.1,,1018,
2023-08-11,30.5,23.5,38.8,0,,36,9.4,,1019.6,
2023-08-12,30.7,23.4,37.9,0,,280,9,,1016.8,
2023-08-13,30,23.4,37.8,0,,205,12.7,,1013.3,
2023-08-14,28.5,22.3,36.2,0,,223,11.6,,1012.2,
2023-08-15,28.3,20.3,36.6,0,,235,11,,1012.7,
2023-08-16,28.4,19.9,36.3,0,,221,10.5,,1012.7,
2023-08-17,28.3,20.9,36.2,0,,240,10.8,,1012.6,
2023-08-18,27.5,20.6,34.4,0,,236,14.2,,1013.7,
2023-08-19,28.3,21.3,36.7,0,,260,9.8,,1016.6,
2023-08-20,30.1,21.8,38,0,,245,8.3,,1018,
2023-08-21,31.9,25,40,0,,77,10,,1018,
2023-08-22,32.6,24.7,39.7,0,,111,11.2,,1016.8,
2023-08-23,31.9,25.7,38.9,0,,110,10.8,,1015.7,
2023-08-24,31.5,24.1,39,0,,159,11,,1014.2,
2023-08-25,31.2,22.9,37.8,0,,265,14.8,,1013.3,
2023-08-26,27.7,19.9,31.5,0,,234,19.7,,1011.1,
2023-08-27,20.8,16.1,23.8,0,,354,20.4,,1015.5,
2023-08-28,20.5,15.1,27.2,0,,343,11.2,,1019.5,
2023-08-29,21.9,17.1,28.9,0,,11,12.7,,1015.1,
2023-08-30,22.2,16.2,27.8,0,,31,10.9,,1013.1,
2023-08-31,23.7,17.4,31.4,0,,40,10.2,,1015.5,
2023-09-01,25.5,18.4,31.6,0,,203,10.8,,1013.8,
2023-09-02,20.1,15.4,23.2,31.2,,75,13.3,,1012.8,
2023-09-03,17.7,15.4,20.9,66.5,,31,14.9,,1012.6,
2023-09-04,19.4,16.1,23.3,9.1,,160,7.5,,1014.1,
2023-09-05,20,16.7,27.3,6.2,,158,6.4,,1016.8,
2023-09-06,21.4,18.1,27.6,0,,81,7.2,,1017.2,
2023-09-07,22.6,19.9,29,0,,108,7.3,,1016.9,
2023-09-08,22.6,20.3,29.4,2.8,,105,7.3,,1016.2,
2023-09-09,21.5,19.3,27.4,3.6,,148,10.6,,1016,
2023-09-10,20.6,18.5,28.9,7.6,,100,9.7,,1017,
2023-09-11,19.8,17.1,26,0,,250,8.6,,1015.9,
2023-09-12,19.7,17.5,27,0.1,,313,7,,1015.3,
2023-09-13,20.4,16.5,27.3,0,,51,11.3,,1017.6,
2023-09-14,20.6,18.4,26.7,18.2,,54,9.7,,1017.2,
2023-09-15,19.5,15.5,24.3,13.3,,96,11.5,,1013.1,
2023-09-16,19.1,16,22.2,0.3,,168,11.7,,1011,
2023-09-17,17.5,14.9,19.2,6.3,,189,13.1,,1012.8,
2023-09-18,16.7,14.5,20,0,,226,11.2,,1017.8,
2023-09-19,17,13.6,23.2,0.1,,51,6.7,,1018.1,
2023-09-20,17.1,13.5,23.9,0,,276,11,,1014.5,
2023-09-21,16.2,14.4,18.6,0.7,,237,20.8,,1010.6,
2023-09-22,15.3,11.7,20.5,0,,306,13.8,,1014.1,
2023-09-23,14.9,10.7,22.2,0,,52,6.2,,1020.2,
2023-09-24,17.1,12.7,25.3,0,,51,7.1,,1021.5,
2023-09-25,19,13.5,27.8,0,,54,6.9,,1020.2,
2023-09-26,19.8,15.6,27,0,,75,6.9,,1019.6,
2023-09-27,20,16.1,27.1,0,,22,7.6,,1018.9,
2023-09-28,21.2,15.4,28.2,0,,284,6.9,,1019.2,
2023-09-29,22.2,15.7,29.9,0,,30,7.7,,1021.8,
2023-09-30,21.9,18.4,29.2,0,,40,7.2,,1024,
2023-10-01,22.4,18.1,30,0,,47,7.6,,1022.7,
2023-10-02,21.9,17.4,29,0,,55,6.8,,1021.7,
2023-10-03,21.9,17.1,29,0,,41,6.7,,1022.6,
2023-10-04,21.5,17.3,26.8,0,,44,9.5,,1024.7,
2023-10-05,22,17.4,29.2,0,,51,6.8,,1023.8,
2023-10-06,21.8,18,30.1,0,,39,8.4,,1023.5,
2023-10-07,21.4,18.2,29,0,,40,8.2,,1023.4,
2023-10-08,21.3,17,29,0,,44,7.2,,1023.7,
2023-10-09,20.9,16.7,27.5,0,,77,6.4,,1023.8,
2023-10-10,19.5,16,26.4,0,,60,6.3,,1022.2,
2023-10-11,18.9,15.2,26.3,0,,46,6.9,,1021.2,
2023-10-12,19.5,13.7,26.7,0,,67,6.8,,1020.9,
2023-10-13,19.1,15.9,25.3,2.4,,340,9.2,,1019.7,
2023-10-14,18.2,14.9,21.2,0,,216,5.9,,1020.4,
2023-10-15,16.5,13.5,21.1,2.9,,319,6.1,,1018.2,
2023-10-16,17.1,14.9,20,0.8,,233,9.1,,1013.1,
2023-10-17,18.9,15.7,23.2,2.4,,166,16.1,,1008.1,
2023-10-18,17.3,15.6,20.6,6.8,,229,23.8,,1007.5,
2023-10-19,15.5,10.9,16.7,107.8,,219,26,,997.3,
2023-10-20,12.7,10.5,15.8,0,,252,22.8,,998.9,
2023-10-21,10.7,7.8,16.2,0,,246,10.4,,1009.4,
2023-10-22,10.8,10.2,15.5,41.2,,37,12.4,,1007.7,
2023-10-23,12.5,10.2,14.8,2.2,,230,14.1,,1007.4,
2023-10-24,11.2,9.1,13.2,1.8,,236,17.6,,1014.8,
2023-10-25,14.3,11.8,17.2,0,,236,19.5,,1014.3,
2023-10-26,15.7,11.6,18.2,3.9,,238,25.2,,1010.1,
2023-10-27,12.2,9.3,15,0,,246,19.3,,1011.5,
2023-10-28,13.5,11.7,16.6,2,,225,20.4,,1010.5,
2023-10-29,13.8,12.5,16.3,6.1,,207,20.3,,1007.2,
2023-10-30,12.2,8.7,15.9,0.3,,228,18.3,,1007.6,
2023-10-31,9.3,7.5,12.6,0.1,,200,6.8,,1017.2,
2023-11-01,11.6,8.3,14.3,2.4,,225,19.7,,1015.4,
2023-11-02,12.5,7.1,15.9,11.1,,249,31,,1005.5,
2023-11-03,9.2,7.1,13.1,0.4,,248,24.7,,1009.5,
2023-11-04,11.7,9.7,13.9,1.6,,233,29.9,,1003.5,
2023-11-05,10.2,8.5,13.4,0,,244,20.2,,1010.6,
2023-11-06,8.2,5.2,12.9,0.3,,258,12.6,,1018.9,
2023-11-07,6.6,3.4,10.1,0,,259,10.5,,1024.1,
2023-11-08,7.9,4.9,11.5,0.6,,240,8.9,,1024.9,
2023-11-09,11.4,9.6,15.5,8.1,,241,15.5,,1019,
2023-11-10,10.6,7.9,14.6,0.3,,251,15.7,,1019.4,
2023-11-11,13.9,11.5,17.6,0.4,,239,21.2,,1018.3,
2023-11-12,14.4,11.9,18.6,0,,243,15.7,,1021.5,
2023-11-13,14.8,11.6,18,0,,239,11.3,,1024.8,
2023-11-14,12.1,10.3,15.8,0,,249,7,,1025.9,
2023-11-15,11,10.5,15.7,0,,54,5.5,,1026.3,
2023-11-16,12.1,10.8,13.7,0,,168,4.6,,1025.4,
2023-11-17,11.6,10.9,16.1,0,,65,5.5,,1026.5,
2023-11-18,11,8.3,17.1,0,,43,5.9,,1027.2,
2023-11-19,11.2,8.3,17.5,0,,25,6,,1023.5,
2023-11-20,10.5,7.6,17.3,0,,15,7.8,,1020.7,
2023-11-21,9.1,7.5,13.2,0,,5,15.3,,1022.8,
2023-11-22,9.3,7.1,13.5,0,,14,21.7,,1024.4,
2023-11-23,7.2,3,13.7,0,,4,9.7,,1025.4,
2023-11-24,6.8,3.1,14.8,0,,310,6.6,,1020.3,
2023-11-25,7.8,3.3,15.5,0,,4,6.1,,1017.2,
2023-11-26,7.4,4.9,13.2,0,,3,7.1,,1017.7,
2023-11-27,7.6,5.2,10.8,0,,262,11,,1017.7,
2023-11-28,9.6,7.1,12,0,,243,14.3,,1014.6,
2023-11-29,12.2,11,13.7,0.1,,229,16.9,,1009.6,
2023-11-30,13.3,12.1,14.6,0,,216,24.4,,1002.9,
2023-12-01,8.9,5.8,12.5,0,,269,17.6,,1003.3,
2023-12-02,6.4,4.1,10,0,,284,12.1,,1017.9,
2023-12-03,4.2,1.8,7.5,0,,163,7.7,,1023,
2023-12-04,6.6,3.7,10.6,0.3,,226,13.8,,1018.7,
2023-12-05,5.7,2.3,8.5,0,,26,9.2,,1019.8,
2023-12-06,5.9,0.9,10.3,0,,356,6.2,,1018.5,
2023-12-07,6.4,2.4,9.9,8.5,,210,8.1,,1021,
2023-12-08,8.6,6.7,11.1,0,,273,18.1,,1021,
2023-12-09,8.6,4.4,12.3,0,,240,14.9,,1025.8,
2023-12-10,10.7,9.5,12.3,0,,242,8.7,,1026.7,
2023-12-11,7.3,4.6,12.5,0,,217,7.7,,1024.3,
2023-12-12,9.6,6.8,12.5,0.8,,230,10.9,,1019.6,
2023-12-13,9.5,6.1,11.9,2.2,,281,19.1,,1017.8,
2023-12-14,6.3,3.5,10.4,0,,325,14.2,,1028.8,
2023-12-15,7.8,4,13.4,0,,39,13.9,,1036,
2023-12-16,5.2,0.6,12.3,0,,22,7.1,,1037.3,
2023-12-17,3.9,-1.1,11,0,,32,7,,1037.6,
2023-12-18,3.5,-1.8,11,0,,28,5.8,,1036.6,
2023-12-19,3.2,-1.8,11.2,0,,30,6.9,,1032.9,
2023-12-20,4.9,-1.8,9.9,1.1,,8,14.8,,1030.2,
2023-12-21,5.5,0.2,12.2,0,,314,7.4,,1030,
2023-12-22,5,-0.6,13,0,,1,7.5,,1029.3,
2023-12-23,6.6,4.1,8.5,0,,18,8.6,,1027.8,
2023-12-24,4.3,-0.5,10.9,0,,44,6,,1026.4,
2023-12-25,2.9,-1.6,10.3,0,,13,6.1,,1025.1,
2023-12-26,1.8,-2.6,8.4,0,,40,5.2,,1025.5,
2023-12-27,2.7,-0.2,9.1,0,,57,5.2,,1026.5,
2023-12-28,2.3,-1.3,8,0,,44,4.6,,1028,
2023-12-29,3.4,-0.4,6.6,0.6,,24,5.5,,1025.3,
2023-12-30,4,-0.5,10.4,0,,212,6.6,,1022.1,
2023-12-31,6.5,3.9,9.9,0,,238,14.7,,1019.7,
2024-01-01,4.6,2.4,9.2,0,,291,6.6,,1022.5,
2024-01-02,5.4,0.9,9.6,0,,218,9.8,,1023,
2024-01-03,10.2,9.1,11.6,2,,231,13.8,,1019.7,
2024-01-04,9.2,7.7,10.8,8.5,,246,9.1,,1016,
2024-01-05,6.3,4.5,8,1.9,,274,18.9,,1011,
2024-01-06,5.1,3.1,7.8,0,,287,17,,1019.7,
2024-01-07,3.1,-0.5,8.3,0,,311,7.6,,1023.9,
2024-01-08,1.8,-2.9,7.1,0,,261,5.8,,1022.7,
2024-01-09,4.7,1.2,8.4,0,,56,4.8,,1020.3,
2024-01-10,5,3,7.4,1.9,,254,10.8,,1019.9,
2024-01-11,3.7,0.5,7.1,0,,21,9.8,,1022.5,
2024-01-12,1.7,-2.2,7.4,0,,33,10.1,,1027.3,
2024-01-13,4.1,-0.4,9.6,0,,29,5.8,,1026,
2024-01-14,7.2,2.9,11.9,0,,289,8.6,,1020.3,
2024-01-15,11.2,9,13.8,4.4,,235,16.4,,1014.9,
2024-01-16,12.7,11.2,14.8,3,,221,17.2,,1012.3,
2024-01-17,10.9,9.5,13,12.3,,216,25.6,,1004.6,
2024-01-18,10.9,8.6,14,1.2,,230,22.2,,1009.4,
2024-01-19,6.9,4,9.2,31.6,,36,18.9,,1008.7,
2024-01-20,6.1,1.3,9.7,0,,30,11.5,,1024.4,
2024-01-21,5.6,0.9,11.1,0,,318,6.2,,1033.9,
2024-01-22,5.1,0.1,12.6,0,,50,5,,1037.2,
2024-01-23,6.1,2.5,11.8,0,,35,5.7,,1039,
2024-01-24,9,3.5,16.2,0,,36,6.6,,1038.1,
2024-01-25,9.5,3.7,16.9,0,,35,6.6,,1034.4,
2024-01-26,10.5,3.8,18.8,0,,34,7.4,,1031.8,
2024-01-27,10.1,5.2,17.3,0,,33,8.5,,1029.4,
2024-01-28,9.2,3.5,16,0,,40,6.9,,1028,
2024-01-29,9.2,4.6,14.7,0,,39,7.3,,1028.8,
2024-01-30,8.1,2.8,13.9,0,,61,5.7,,1031.8,
2024-01-31,6.8,2,13.3,0,,43,5.7,,1034.6,
2024-02-01,8.9,2.8,17.3,0,,22,9.1,,1034.8,
